2003-12-08,0:05:42,0.0,33.24827,-111.704525
2003-12-08,0:05:43,1.0,33.248268,-111.704523
2003-12-08,0:05:43,1.0,33.248267,-111.704523
2003-12-08,0:05:44,1.0,33.248265,-111.704522
2003-12-08,0:05:45,1.0,33.248265,-111.70452
2003-12-08,0:05:46,1.0,33.248263,-111.70452
2003-12-08,0:05:47,1.0,33.248262,-111.704518
2003-12-08,0:05:47,1.0,33.248262,-111.704518
2003-12-08,0:05:48,1.0,33.248262,-111.704517
2003-12-08,0:05:49,1.0,33.24826,-111.704517
2003-12-08,0:05:50,1.0,33.24826,-111.704517
2003-12-08,0:05:51,1.0,33.24826,-111.704515
2003-12-08,0:05:51,1.0,33.248258,-111.704515
2003-12-08,0:05:53,1.0,33.248258,-111.704515
2003-12-08,0:05:54,1.0,33.248257,-111.704515
2003-12-08,0:05:55,1.0,33.248257,-111.704515
2003-12-08,0:05:55,1.0,33.248255,-111.704515
2003-12-08,0:05:56,1.0,33.248255,-111.704515
2003-12-08,0:05:57,1.0,33.248253,-111.704513
2003-12-08,0:05:58,1.0,33.248252,-111.704513
2003-12-08,0:05:59,1.0,33.248252,-111.704513
2003-12-08,0:05:59,1.0,33.248252,-111.704513
2003-12-08,0:06:00,1.0,33.24825,-111.704513
2003-12-08,0:06:01,1.0,33.24825,-111.704513
2003-12-08,0:06:02,0.0,33.24825,-111.704513
2003-12-08,0:06:05,0.0,33.248248,-111.70451
2003-12-08,0:06:06,0.0,33.248247,-111.70451
2003-12-08,0:06:07,0.0,33.248247,-111.704508
2003-12-08,0:06:07,0.0,33.248247,-111.704507
2003-12-08,0:06:08,1.0,33.248247,-111.704505
2003-12-08,0:06:09,1.0,33.248247,-111.704503
2003-12-08,0:06:11,1.0,33.248247,-111.7045
2003-12-08,0:06:11,1.0,33.248247,-111.704498
2003-12-08,0:06:12,1.0,33.248247,-111.704497
2003-12-08,0:06:13,1.0,33.248247,-111.704497
2003-12-08,0:06:14,3.0,33.248243,-111.704503
2003-12-08,0:06:15,31.0,33.248247,-111.70459
2003-12-08,0:06:16,38.0,33.248248,-111.704718
2003-12-08,0:06:17,40.0,33.248253,-111.70483
2003-12-08,0:06:17,36.0,33.248268,-111.70493
2003-12-08,0:06:19,35.0,33.248353,-111.705098
2003-12-08,0:06:20,34.0,33.248413,-111.705157
2003-12-08,0:06:21,33.0,33.248482,-111.705207
2003-12-08,0:06:21,35.0,33.248555,-111.705238
2003-12-08,0:06:22,36.0,33.24863,-111.70527
2003-12-08,0:06:23,37.0,33.248705,-111.705285
2003-12-08,0:06:26,45.0,33.249057,-111.705245
2003-12-08,0:06:27,46.0,33.249148,-111.705197
2003-12-08,0:06:28,44.0,33.24924,-111.70514
2003-12-08,0:06:29,42.0,33.249323,-111.705093
2003-12-08,0:06:29,39.0,33.249405,-111.705053
2003-12-08,0:06:30,37.0,33.249483,-111.705025
2003-12-08,0:06:31,36.0,33.249565,-111.70501
2003-12-08,0:06:32,35.0,33.249642,-111.705017
2003-12-08,0:06:33,35.0,33.249712,-111.705038
2003-12-08,0:06:33,36.0,33.249775,-111.705085
2003-12-08,0:06:34,36.0,33.249827,-111.705145
2003-12-08,0:06:35,37.0,33.24987,-111.705218
2003-12-08,0:06:36,39.0,33.249902,-111.705305
2003-12-08,0:06:37,42.0,33.249905,-111.705403
2003-12-08,0:06:40,32.0,33.249725,-111.705775
2003-12-08,0:06:41,32.0,33.249633,-111.705767
2003-12-08,0:06:42,40.0,33.249537,-111.705713
2003-12-08,0:06:43,51.0,33.249437,-111.70562
2003-12-08,0:06:43,52.0,33.249363,-111.7055
2003-12-08,0:06:46,47.0,33.24933,-111.705078
2003-12-08,0:06:47,46.0,33.249368,-111.704967
2003-12-08,0:07:01,52.0,33.249063,-111.703153
2003-12-08,0:07:02,50.0,33.248978,-111.703087
2003-12-08,0:07:03,47.0,33.248798,-111.70298
2003-12-08,0:07:04,47.0,33.248708,-111.702945
2003-12-08,0:07:09,47.0,33.248145,-111.702887
2003-12-08,0:07:11,45.0,33.247968,-111.702912
2003-12-08,0:07:11,43.0,33.247888,-111.702943
2003-12-08,0:07:12,41.0,33.247808,-111.702978
2003-12-08,0:07:13,39.0,33.247737,-111.703022
2003-12-08,0:07:14,38.0,33.247668,-111.703072
2003-12-08,0:07:15,39.0,33.247593,-111.703122
2003-12-08,0:07:15,39.0,33.247523,-111.703165
2003-12-08,0:07:16,39.0,33.247453,-111.703208
2003-12-08,0:07:24,32.0,33.24705,-111.703873
2003-12-08,0:07:25,31.0,33.24702,-111.703938
2003-12-08,0:07:26,32.0,33.246995,-111.704012
2003-12-08,0:07:27,31.0,33.246978,-111.704087
2003-12-08,0:07:27,30.0,33.246967,-111.704157
2003-12-08,0:07:28,29.0,33.246963,-111.704235
2003-12-08,0:07:29,29.0,33.246962,-111.704312
2003-12-08,0:07:30,29.0,33.24696,-111.704383
2003-12-08,0:07:31,29.0,33.246952,-111.70445
2003-12-08,0:07:31,29.0,33.24695,-111.704517
2003-12-08,0:07:32,28.0,33.246955,-111.704583
2003-12-08,0:07:33,28.0,33.246962,-111.704652
2003-12-08,0:07:34,28.0,33.246963,-111.704725
2003-12-08,0:07:36,27.0,33.246962,-111.70492
2003-12-08,0:07:37,26.0,33.246977,-111.704988
2003-12-08,0:07:38,27.0,33.246995,-111.705052
2003-12-08,0:07:39,27.0,33.247022,-111.705112
2003-12-08,0:07:39,27.0,33.24705,-111.70517
2003-12-08,0:07:40,28.0,33.247078,-111.705233
2003-12-08,0:07:41,28.0,33.247102,-111.70529
2003-12-08,0:07:42,28.0,33.247123,-111.705353
2003-12-08,0:07:43,28.0,33.247142,-111.70541
2003-12-08,0:07:43,28.0,33.247172,-111.705467
2003-12-08,0:07:44,27.0,33.247207,-111.705518
2003-12-08,0:07:45,28.0,33.24725,-111.705563
2003-12-08,0:07:46,28.0,33.2473,-111.705603
2003-12-08,0:07:47,29.0,33.24734,-111.705653
2003-12-08,0:07:47,30.0,33.247382,-111.705707
2003-12-08,0:07:48,29.0,33.24742,-111.705765
2003-12-08,0:07:49,28.0,33.247463,-111.705815
2003-12-08,0:07:50,27.0,33.247507,-111.705858
2003-12-08,0:07:51,28.0,33.24755,-111.705897
2003-12-08,0:07:51,29.0,33.247607,-111.705927
2003-12-08,0:07:52,29.0,33.247667,-111.705957
2003-12-08,0:07:53,30.0,33.247718,-111.705997
2003-12-08,0:07:54,30.0,33.24777,-111.70604
2003-12-08,0:07:55,31.0,33.247823,-111.706068
2003-12-08,0:07:55,31.0,33.247888,-111.706087
2003-12-08,0:07:56,33.0,33.247953,-111.706092
2003-12-08,0:07:57,34.0,33.248023,-111.706092
2003-12-08,0:07:58,34.0,33.248095,-111.706095
2003-12-08,0:07:59,34.0,33.248168,-111.706113
2003-12-08,0:07:59,33.0,33.248238,-111.706138
2003-12-08,0:08:00,33.0,33.248305,-111.706157
2003-12-08,0:08:01,33.0,33.248377,-111.706155
2003-12-08,0:08:02,34.0,33.248447,-111.706138
2003-12-08,0:08:03,35.0,33.248515,-111.706107
2003-12-08,0:08:03,37.0,33.248592,-111.706082
2003-12-08,0:08:04,37.0,33.248668,-111.70606
2003-12-08,0:08:05,37.0,33.248747,-111.706043
2003-12-08,0:08:06,38.0,33.24882,-111.706017
2003-12-08,0:08:07,39.0,33.248893,-111.705983
2003-12-08,0:08:07,40.0,33.248965,-111.705942
2003-12-08,0:08:08,41.0,33.249045,-111.705897
2003-12-08,0:08:09,42.0,33.249118,-111.705843
2003-12-08,0:08:10,43.0,33.249182,-111.705782
2003-12-08,0:08:23,52.0,33.249597,-111.704092
2003-12-08,0:08:27,50.0,33.249415,-111.703493
2003-12-08,0:08:27,46.0,33.249355,-111.703402
2003-12-08,0:08:28,45.0,33.249268,-111.703312
2003-12-08,0:08:29,47.0,33.249165,-111.703225
2003-12-08,0:08:30,46.0,33.249077,-111.703187
2003-12-08,0:08:31,43.0,33.248982,-111.703175
2003-12-08,0:08:33,36.0,33.248775,-111.703352
2003-12-08,0:08:34,33.0,33.248745,-111.703437
2003-12-08,0:08:35,31.0,33.24874,-111.703513
2003-12-08,0:08:36,28.0,33.248752,-111.70358
2003-12-08,0:08:37,27.0,33.248778,-111.70364
2003-12-08,0:08:37,27.0,33.24881,-111.70369
2003-12-08,0:08:38,27.0,33.248843,-111.703748
2003-12-08,0:08:39,27.0,33.248882,-111.703803
2003-12-08,0:08:40,28.0,33.248928,-111.703858
2003-12-08,0:08:41,28.0,33.248982,-111.703908
2003-12-08,0:08:41,29.0,33.249037,-111.70395
2003-12-08,0:08:42,29.0,33.249098,-111.703983
2003-12-08,0:08:43,31.0,33.249165,-111.704005
2003-12-08,0:08:44,32.0,33.24923,-111.704027
2003-12-08,0:08:45,33.0,33.2493,-111.704048
2003-12-08,0:08:45,33.0,33.249377,-111.704077
2003-12-08,0:08:46,33.0,33.249448,-111.704107
2003-12-08,0:08:47,33.0,33.249518,-111.704135
2003-12-08,0:08:52,33.0,33.249895,-111.704358
2003-12-08,0:08:53,33.0,33.249947,-111.704392
2003-12-08,0:08:57,38.0,33.24999,-111.704763
2003-12-08,0:08:58,37.0,33.249897,-111.704905
2003-12-08,0:08:59,41.0,33.249847,-111.704982
2003-12-08,0:09:00,41.0,33.249793,-111.70506
2003-12-08,0:09:01,43.0,33.249735,-111.705145
2003-12-08,0:09:01,41.0,33.249673,-111.705222
2003-12-08,0:09:02,43.0,33.249592,-111.705273
2003-12-08,0:09:03,47.0,33.249468,-111.705307
2003-12-08,0:09:04,50.0,33.249327,-111.7053
2003-12-08,0:09:05,58.0,33.249163,-111.705265
2003-12-08,0:09:05,66.0,33.249003,-111.705217
2003-12-08,0:09:06,75.0,33.248807,-111.705113
2003-12-08,0:09:07,76.0,33.248657,-111.704985
2003-12-08,0:09:08,86.0,33.248518,-111.704807
2003-12-08,0:09:09,60.0,33.248353,-111.704415
2003-12-08,0:09:09,58.0,33.24843,-111.704268
2003-12-08,0:09:10,54.0,33.248443,-111.704142
2003-12-08,0:09:11,49.0,33.248433,-111.704028
2003-12-08,0:09:12,44.0,33.248487,-111.70399
2003-12-08,0:09:13,35.0,33.248647,-111.704145
2003-12-08,0:09:13,29.0,33.248693,-111.70415
2003-12-08,0:09:14,20.0,33.248868,-111.704263
2003-12-08,0:09:15,37.0,33.249018,-111.704357
2003-12-08,0:09:16,39.0,33.24912,-111.704462
2003-12-08,0:09:17,38.0,33.249222,-111.704527
2003-12-08,0:09:18,40.0,33.249317,-111.704578
2003-12-08,0:09:19,42.0,33.249405,-111.704617
2003-12-08,0:09:19,42.0,33.249488,-111.704663
2003-12-08,0:09:20,41.0,33.249568,-111.704715
2003-12-08,0:09:21,42.0,33.249642,-111.704765
2003-12-08,0:09:22,41.0,33.249707,-111.704805
2003-12-08,0:09:23,39.0,33.24977,-111.704838
2003-12-08,0:09:23,41.0,33.249842,-111.704877
2003-12-08,0:09:24,41.0,33.249923,-111.704917
2003-12-08,0:09:25,40.0,33.250003,-111.704948
2003-12-08,0:09:26,41.0,33.250085,-111.704977
2003-12-08,0:09:27,42.0,33.250168,-111.705008
2003-12-08,0:09:27,42.0,33.250252,-111.705037
2003-12-08,0:09:28,43.0,33.250327,-111.70507
2003-12-08,0:09:30,43.0,33.25048,-111.705132
2003-12-08,0:09:31,42.0,33.250563,-111.705162
2003-12-08,0:09:31,43.0,33.250642,-111.705192
2003-12-08,0:09:33,43.0,33.250805,-111.705252
2003-12-08,0:09:34,43.0,33.250887,-111.705287
2003-12-08,0:09:35,42.0,33.250965,-111.705322
2003-12-08,0:09:35,42.0,33.251042,-111.705353
2003-12-08,0:09:36,42.0,33.25112,-111.705387
2003-12-08,0:09:37,43.0,33.2512,-111.705425
2003-12-08,0:09:38,44.0,33.251278,-111.70547
2003-12-08,0:09:39,44.0,33.251358,-111.705512
2003-12-08,0:09:39,44.0,33.25144,-111.705553
2003-12-08,0:09:40,44.0,33.251518,-111.705595
2003-12-08,0:09:42,44.0,33.251682,-111.705685
2003-12-08,0:09:43,45.0,33.251768,-111.70572
2003-12-08,0:09:43,46.0,33.251852,-111.705765
2003-12-08,0:09:44,49.0,33.251938,-111.705813
2003-12-08,0:09:45,50.0,33.252025,-111.705857
2003-12-08,0:09:46,46.0,33.252108,-111.705912
2003-12-08,0:09:47,42.0,33.252178,-111.705957
2003-12-08,0:09:47,39.0,33.252248,-111.705995
2003-12-08,0:09:49,37.0,33.252383,-111.706077
2003-12-08,0:09:55,38.0,33.252857,-111.706382
2003-12-08,0:09:55,38.0,33.252925,-111.70643
2003-12-08,0:09:56,38.0,33.252995,-111.706477
2003-12-08,0:10:00,36.0,33.253285,-111.706708
2003-12-08,0:10:01,36.0,33.253342,-111.706758
2003-12-08,0:10:02,37.0,33.253398,-111.706807
2003-12-08,0:10:03,38.0,33.253458,-111.70686
2003-12-08,0:10:03,37.0,33.253522,-111.706907
2003-12-08,0:10:04,36.0,33.253582,-111.706953
2003-12-08,0:10:17,45.0,33.254557,-111.706258
2003-12-08,0:10:18,39.0,33.25456,-111.706148
2003-12-08,0:10:19,40.0,33.254518,-111.706048
2003-12-08,0:10:27,46.0,33.25368,-111.705577
2003-12-08,0:10:28,46.0,33.25359,-111.70552
2003-12-08,0:10:29,44.0,33.253505,-111.70548
2003-12-08,0:10:29,43.0,33.253415,-111.705452
2003-12-08,0:10:30,45.0,33.253325,-111.705425
2003-12-08,0:10:31,46.0,33.253235,-111.705388
2003-12-08,0:10:32,47.0,33.253147,-111.70535
2003-12-08,0:10:33,46.0,33.253062,-111.705313
2003-12-08,0:10:33,46.0,33.252967,-111.705275
2003-12-08,0:10:34,45.0,33.25288,-111.705235
2003-12-08,0:10:35,46.0,33.252793,-111.705192
2003-12-08,0:10:36,45.0,33.252713,-111.705153
2003-12-08,0:10:37,46.0,33.25263,-111.705112
2003-12-08,0:10:37,48.0,33.252538,-111.70507
2003-12-08,0:10:38,48.0,33.252447,-111.70503
2003-12-08,0:10:39,49.0,33.25235,-111.704992
2003-12-08,0:10:40,49.0,33.252257,-111.704947
2003-12-08,0:10:41,49.0,33.252163,-111.704905
2003-12-08,0:10:41,48.0,33.25207,-111.704862
2003-12-08,0:10:42,49.0,33.251978,-111.704817
2003-12-08,0:10:43,48.0,33.251892,-111.704772
2003-12-08,0:10:44,48.0,33.2518,-111.704723
2003-12-08,0:10:45,46.0,33.251713,-111.704682
2003-12-08,0:10:45,46.0,33.251623,-111.704642
2003-12-08,0:10:46,46.0,33.251537,-111.704598
2003-12-08,0:10:47,46.0,33.251448,-111.704555
2003-12-08,0:10:48,49.0,33.251358,-111.704513
2003-12-08,0:10:49,50.0,33.251267,-111.704468
2003-12-08,0:10:49,51.0,33.25117,-111.704427
2003-12-08,0:10:50,51.0,33.251073,-111.704385
2003-12-08,0:10:51,52.0,33.250977,-111.704347
2003-12-08,0:10:52,52.0,33.250878,-111.704307
2003-12-08,0:10:53,53.0,33.250772,-111.70426
2003-12-08,0:10:53,54.0,33.250665,-111.70421
2003-12-08,0:10:54,54.0,33.250567,-111.704178
2003-12-08,0:10:55,54.0,33.25046,-111.704135
2003-12-08,0:10:56,53.0,33.250355,-111.704095
2003-12-08,0:10:57,53.0,33.250252,-111.704062
2003-12-08,0:10:57,53.0,33.250147,-111.704023
2003-12-08,0:10:58,52.0,33.250043,-111.703995
2003-12-08,0:10:59,52.0,33.24994,-111.703973
2003-12-08,0:11:00,51.0,33.249842,-111.70396
2003-12-08,0:11:01,51.0,33.249742,-111.703948
2003-12-08,0:11:01,51.0,33.249642,-111.70394
2003-12-08,0:11:02,51.0,33.249538,-111.703922
2003-12-08,0:11:03,47.0,33.249442,-111.70391
2003-12-08,0:11:04,47.0,33.249353,-111.703892
2003-12-08,0:11:05,45.0,33.249263,-111.703875
2003-12-08,0:11:05,45.0,33.24918,-111.703862
2003-12-08,0:11:06,45.0,33.249095,-111.703847
2003-12-08,0:11:08,46.0,33.248915,-111.70382
2003-12-08,0:11:41,47.0,33.249562,-111.704125
2003-12-08,0:11:43,46.0,33.249758,-111.704103
2003-12-08,0:11:45,46.0,33.249945,-111.704103
2003-12-08,0:11:45,45.0,33.25004,-111.70411
2003-12-08,0:11:46,45.0,33.250133,-111.704115
2003-12-08,0:11:47,45.0,33.250223,-111.70413
2003-12-08,0:11:48,45.0,33.250313,-111.704143
2003-12-08,0:11:49,45.0,33.250402,-111.704158
2003-12-08,0:11:49,45.0,33.250488,-111.704175
2003-12-08,0:11:50,45.0,33.250578,-111.704188
2003-12-08,0:11:51,45.0,33.250663,-111.704205
2003-12-08,0:11:52,45.0,33.250748,-111.704225
2003-12-08,0:11:53,44.0,33.250837,-111.704253
2003-12-08,0:11:53,44.0,33.250927,-111.704282
2003-12-08,0:11:54,45.0,33.251013,-111.704307
2003-12-08,0:11:55,44.0,33.251097,-111.704342
2003-12-08,0:11:56,44.0,33.251177,-111.704375
2003-12-08,0:11:57,44.0,33.251253,-111.704417
2003-12-08,0:11:57,44.0,33.25133,-111.704465
2003-12-08,0:11:58,44.0,33.251408,-111.704517
2003-12-08,0:11:59,43.0,33.251478,-111.704577
2003-12-08,0:12:00,43.0,33.251543,-111.704643
2003-12-08,0:12:01,43.0,33.251665,-111.704797
2003-12-08,0:12:41,56.0,33.248635,-111.707793
2003-12-08,0:12:41,56.0,33.24853,-111.707835
2003-12-08,0:12:42,56.0,33.248422,-111.70787
2003-12-08,0:12:43,56.0,33.248313,-111.707915
2003-12-08,0:12:44,55.0,33.248208,-111.707957
2003-12-08,0:12:45,54.0,33.248102,-111.707993
2003-12-08,0:12:45,53.0,33.248005,-111.708027
2003-12-08,0:12:46,51.0,33.247905,-111.70805
2003-12-08,0:12:47,49.0,33.247808,-111.708072
2003-12-08,0:12:48,48.0,33.247707,-111.708083
2003-12-08,0:12:49,48.0,33.24761,-111.708092
2003-12-08,0:12:49,48.0,33.247508,-111.708102
2003-12-08,0:12:50,49.0,33.247412,-111.708103
2003-12-08,0:12:51,50.0,33.247317,-111.708097
2003-12-08,0:12:52,50.0,33.24722,-111.70809
2003-12-08,0:12:53,51.0,33.247117,-111.708068
2003-12-08,0:12:53,51.0,33.247013,-111.70805
2003-12-08,0:12:54,52.0,33.246913,-111.708035
2003-12-08,0:12:55,53.0,33.246813,-111.70801
2003-12-08,0:12:56,54.0,33.246712,-111.707968
2003-12-08,0:12:57,54.0,33.246613,-111.707922
2003-12-08,0:12:57,55.0,33.246513,-111.70787
2003-12-08,0:12:58,57.0,33.246408,-111.707803
2003-12-08,0:12:59,57.0,33.24631,-111.70773
2003-12-08,0:13:00,58.0,33.246215,-111.707647
2003-12-08,0:13:01,58.0,33.246125,-111.707557
2003-12-08,0:13:01,59.0,33.24604,-111.707455
2003-12-08,0:13:02,60.0,33.245972,-111.70734
2003-12-08,0:13:03,60.0,33.24592,-111.707212
2003-12-08,0:13:04,60.0,33.245883,-111.707068
2003-12-08,0:13:05,61.0,33.245865,-111.706923
2003-12-08,0:13:05,62.0,33.24587,-111.706768
2003-12-08,0:13:07,61.0,33.245932,-111.706468
2003-12-08,0:13:09,58.0,33.246113,-111.706087
2003-12-08,0:13:12,58.0,33.246322,-111.705728
2003-12-08,0:13:13,58.0,33.246393,-111.705613
2003-12-08,0:13:13,58.0,33.246467,-111.705502
2003-12-08,0:13:14,58.0,33.246545,-111.705388
2003-12-08,0:13:15,57.0,33.24662,-111.705275
2003-12-08,0:13:16,56.0,33.246692,-111.705165
2003-12-08,0:13:17,56.0,33.246762,-111.705053
2003-12-08,0:13:17,56.0,33.246828,-111.704948
2003-12-08,0:13:18,56.0,33.246907,-111.704843
2003-12-08,0:13:19,57.0,33.246982,-111.704738
2003-12-08,0:13:20,56.0,33.24706,-111.704632
2003-12-08,0:13:21,56.0,33.247133,-111.704527
2003-12-08,0:13:21,57.0,33.247208,-111.704423
2003-12-08,0:13:22,57.0,33.24729,-111.704325
2003-12-08,0:13:23,56.0,33.247367,-111.704235
2003-12-08,0:13:24,56.0,33.247442,-111.704142
2003-12-08,0:13:25,56.0,33.247518,-111.704047
2003-12-08,0:13:25,55.0,33.247598,-111.703957
2003-12-08,0:13:26,55.0,33.247678,-111.703867
2003-12-08,0:13:27,55.0,33.247758,-111.703783
2003-12-08,0:13:28,54.0,33.247845,-111.703705
2003-12-08,0:13:29,53.0,33.247938,-111.703635
2003-12-08,0:13:29,53.0,33.248033,-111.703573
2003-12-08,0:13:30,51.0,33.248132,-111.703523
2003-12-08,0:13:31,50.0,33.248225,-111.70348
2003-12-08,0:13:32,50.0,33.248323,-111.703447
2003-12-08,0:13:33,50.0,33.248422,-111.703422
2003-12-08,0:13:33,49.0,33.248527,-111.703407
2003-12-08,0:13:34,49.0,33.24862,-111.703393
2003-12-08,0:13:35,48.0,33.248715,-111.703387
2003-12-08,0:13:36,47.0,33.248808,-111.70339
2003-12-08,0:13:37,44.0,33.248898,-111.703402
2003-12-08,0:13:37,43.0,33.248978,-111.703418
2003-12-08,0:13:38,42.0,33.24906,-111.703438
2003-12-08,0:13:39,42.0,33.249138,-111.703462
2003-12-08,0:13:40,41.0,33.249215,-111.703492
2003-12-08,0:13:41,41.0,33.249293,-111.703523
2003-12-08,0:13:41,42.0,33.249372,-111.70356
2003-12-08,0:13:42,41.0,33.24945,-111.7036
2003-12-08,0:13:43,40.0,33.249523,-111.703638
2003-12-08,0:13:44,40.0,33.249597,-111.703685
2003-12-08,0:13:45,41.0,33.24967,-111.703735
2003-12-08,0:13:45,41.0,33.249735,-111.70379
2003-12-08,0:13:46,40.0,33.249805,-111.703845
2003-12-08,0:13:47,39.0,33.249872,-111.703898
2003-12-08,0:13:48,39.0,33.249935,-111.703952
2003-12-08,0:13:49,38.0,33.249993,-111.704013
2003-12-08,0:13:49,38.0,33.250052,-111.70408
2003-12-08,0:13:50,37.0,33.250103,-111.704147
2003-12-08,0:13:51,36.0,33.250155,-111.70421
2003-12-08,0:13:52,36.0,33.250207,-111.704277
2003-12-08,0:13:53,36.0,33.250252,-111.704337
2003-12-08,0:13:53,36.0,33.250288,-111.704397
2003-12-08,0:13:54,35.0,33.250318,-111.704467
2003-12-08,0:13:55,34.0,33.25034,-111.704543
2003-12-08,0:13:56,33.0,33.250362,-111.704622
2003-12-08,0:13:57,33.0,33.25038,-111.704705
2003-12-08,0:13:57,33.0,33.250393,-111.70479
2003-12-08,0:13:58,33.0,33.250395,-111.704873
2003-12-08,0:14:01,33.0,33.250308,-111.705163
2003-12-08,0:14:02,34.0,33.250263,-111.705225
2003-12-08,0:14:03,34.0,33.250213,-111.705283
2003-12-08,0:14:04,35.0,33.250157,-111.705342
2003-12-08,0:14:05,37.0,33.250092,-111.70539
2003-12-08,0:14:05,38.0,33.25002,-111.705433
2003-12-08,0:14:06,38.0,33.249943,-111.705468
2003-12-08,0:14:07,38.0,33.24987,-111.705505
2003-12-08,0:14:08,38.0,33.249797,-111.70553
2003-12-08,0:14:09,39.0,33.249722,-111.705545
2003-12-08,0:14:09,41.0,33.24964,-111.705548
2003-12-08,0:14:10,43.0,33.249542,-111.705535
2003-12-08,0:14:11,44.0,33.249458,-111.705523
2003-12-08,0:14:12,45.0,33.24937,-111.705515
2003-12-08,0:14:13,46.0,33.249282,-111.705503
2003-12-08,0:14:13,46.0,33.249198,-111.705482
2003-12-08,0:14:14,48.0,33.249108,-111.705452
2003-12-08,0:14:15,48.0,33.249022,-111.70541
2003-12-08,0:14:16,49.0,33.248937,-111.70536
2003-12-08,0:14:17,50.0,33.248852,-111.705308
2003-12-08,0:14:17,51.0,33.248765,-111.705237
2003-12-08,0:14:18,52.0,33.248678,-111.705168
2003-12-08,0:14:19,53.0,33.2486,-111.705087
2003-12-08,0:14:20,54.0,33.248522,-111.704993
2003-12-08,0:14:21,55.0,33.24844,-111.70489
2003-12-08,0:14:21,56.0,33.24837,-111.704783
2003-12-08,0:14:22,56.0,33.248307,-111.70467
2003-12-08,0:14:23,56.0,33.24824,-111.70456
2003-12-08,0:14:24,54.0,33.24817,-111.704452
2003-12-08,0:14:25,56.0,33.248102,-111.704345
2003-12-08,0:14:25,55.0,33.248033,-111.704237
2003-12-08,0:14:26,55.0,33.247963,-111.704125
2003-12-08,0:14:27,54.0,33.247898,-111.704015
2003-12-08,0:14:28,55.0,33.247833,-111.703907
2003-12-08,0:14:29,54.0,33.247765,-111.703798
2003-12-08,0:14:29,54.0,33.247697,-111.703692
2003-12-08,0:14:30,53.0,33.24763,-111.703592
2003-12-08,0:14:31,51.0,33.247567,-111.7035
2003-12-08,0:14:32,48.0,33.247498,-111.70342
2003-12-08,0:14:33,45.0,33.247423,-111.70335
2003-12-08,0:14:33,43.0,33.247348,-111.703293
2003-12-08,0:14:34,41.0,33.247277,-111.70325
2003-12-08,0:14:35,39.0,33.247203,-111.703217
2003-12-08,0:14:36,36.0,33.24713,-111.703198
2003-12-08,0:14:37,31.0,33.247067,-111.703193
2003-12-08,0:14:37,29.0,33.247008,-111.703208
2003-12-08,0:14:39,27.0,33.246917,-111.703282
2003-12-08,0:14:40,27.0,33.246883,-111.703333
2003-12-08,0:14:41,25.0,33.246858,-111.703395
2003-12-08,0:14:41,26.0,33.246847,-111.703458
2003-12-08,0:14:42,26.0,33.246845,-111.703527
2003-12-08,0:14:43,27.0,33.24685,-111.703598
2003-12-08,0:14:44,28.0,33.246868,-111.703668
2003-12-08,0:14:45,29.0,33.2469,-111.70374
2003-12-08,0:14:45,31.0,33.246933,-111.703808
2003-12-08,0:14:46,32.0,33.246973,-111.703882
2003-12-08,0:14:47,33.0,33.247013,-111.70395
2003-12-08,0:14:48,32.0,33.247053,-111.704025
2003-12-08,0:14:49,32.0,33.247087,-111.704098
2003-12-08,0:14:49,31.0,33.247118,-111.70417
2003-12-08,0:14:50,32.0,33.247153,-111.704238
2003-12-08,0:14:51,32.0,33.24719,-111.704312
2003-12-08,0:14:52,33.0,33.24723,-111.70438
2003-12-08,0:14:53,34.0,33.247275,-111.704448
2003-12-08,0:14:53,35.0,33.247325,-111.704513
2003-12-08,0:14:54,38.0,33.247377,-111.704583
2003-12-08,0:14:55,40.0,33.247422,-111.704663
2003-12-08,0:14:56,40.0,33.247468,-111.70474
2003-12-08,0:14:57,39.0,33.247508,-111.704818
2003-12-08,0:14:57,39.0,33.24754,-111.704903
2003-12-08,0:14:58,39.0,33.247552,-111.704997
2003-12-08,0:14:59,39.0,33.247528,-111.705085
2003-12-08,0:15:00,37.0,33.247498,-111.705163
2003-12-08,0:15:01,36.0,33.24748,-111.705247
2003-12-08,0:15:01,36.0,33.247492,-111.705333
2003-12-08,0:15:02,38.0,33.24754,-111.70541
2003-12-08,0:15:03,39.0,33.247593,-111.705483
2003-12-08,0:15:04,39.0,33.24763,-111.705568
2003-12-08,0:15:05,37.0,33.24765,-111.705653
2003-12-08,0:15:05,37.0,33.247663,-111.705745
2003-12-08,0:15:06,39.0,33.24769,-111.705825
2003-12-08,0:15:07,41.0,33.24775,-111.705898
2003-12-08,0:15:08,43.0,33.247828,-111.705952
2003-12-08,0:15:09,44.0,33.247915,-111.705993
2003-12-08,0:15:09,44.0,33.248002,-111.70603
2003-12-08,0:15:10,45.0,33.24809,-111.706073
2003-12-08,0:15:11,47.0,33.248182,-111.706117
2003-12-08,0:15:12,48.0,33.248283,-111.706152
2003-12-08,0:15:13,51.0,33.248397,-111.70618
2003-12-08,0:15:13,52.0,33.248498,-111.706192
2003-12-08,0:15:14,53.0,33.248608,-111.706185
2003-12-08,0:15:15,56.0,33.248727,-111.706157
2003-12-08,0:15:16,58.0,33.248843,-111.70611
2003-12-08,0:15:17,60.0,33.248957,-111.706042
2003-12-08,0:15:17,62.0,33.249065,-111.705955
2003-12-08,0:15:18,64.0,33.249173,-111.70586
2003-12-08,0:15:19,65.0,33.249278,-111.705757
2003-12-08,0:15:20,66.0,33.249387,-111.705638
2003-12-08,0:15:21,66.0,33.249478,-111.705513
2003-12-08,0:15:21,67.0,33.24956,-111.705365
2003-12-08,0:15:22,68.0,33.249625,-111.705205
2003-12-08,0:15:23,68.0,33.24967,-111.705038
2003-12-08,0:15:24,66.0,33.249697,-111.704872
2003-12-08,0:15:25,66.0,33.249712,-111.704705
2003-12-08,0:15:25,64.0,33.249715,-111.704542
2003-12-08,0:15:26,62.0,33.249703,-111.70439
2003-12-08,0:15:27,61.0,33.249677,-111.704238
2003-12-08,0:15:28,60.0,33.249635,-111.704087
2003-12-08,0:15:29,61.0,33.249583,-111.703942
2003-12-08,0:15:29,61.0,33.249527,-111.703808
2003-12-08,0:15:30,59.0,33.249467,-111.703682
2003-12-08,0:15:31,59.0,33.249402,-111.703555
2003-12-08,0:15:32,58.0,33.24933,-111.70344
2003-12-08,0:15:33,56.0,33.24926,-111.703333
2003-12-08,0:15:33,53.0,33.249182,-111.703237
2003-12-08,0:15:34,49.0,33.249105,-111.703153
2003-12-08,0:15:35,45.0,33.249025,-111.703087
2003-12-08,0:15:36,41.0,33.248942,-111.703043
2003-12-08,0:15:37,41.0,33.248855,-111.703022
2003-12-08,0:15:37,42.0,33.248762,-111.703007
2003-12-08,0:15:38,44.0,33.248663,-111.702997
2003-12-08,0:15:39,46.0,33.248568,-111.702975
2003-12-08,0:15:40,46.0,33.248467,-111.70295
2003-12-08,0:15:41,45.0,33.248377,-111.702927
2003-12-08,0:15:41,43.0,33.248283,-111.702912
2003-12-08,0:15:42,42.0,33.248195,-111.702905
2003-12-08,0:15:43,40.0,33.248107,-111.702908
2003-12-08,0:15:44,39.0,33.248025,-111.702922
2003-12-08,0:15:45,39.0,33.247942,-111.70294
2003-12-08,0:15:45,38.0,33.247867,-111.702968
2003-12-08,0:15:46,38.0,33.247792,-111.702993
2003-12-08,0:15:47,37.0,33.247723,-111.703027
2003-12-08,0:15:49,34.0,33.2476,-111.703108
2003-12-08,0:15:50,34.0,33.247488,-111.703207
2003-12-08,0:15:53,34.0,33.247285,-111.703433
2003-12-08,0:15:54,34.0,33.24724,-111.703495
2003-12-08,0:15:55,34.0,33.247197,-111.703557
2003-12-08,0:15:56,33.0,33.247157,-111.70362
2003-12-08,0:15:57,32.0,33.24712,-111.703683
2003-12-08,0:15:57,31.0,33.24709,-111.703755
2003-12-08,0:15:58,31.0,33.247063,-111.703833
2003-12-08,0:15:59,31.0,33.247043,-111.703907
2003-12-08,0:16:00,31.0,33.247017,-111.703975
2003-12-08,0:16:01,31.0,33.246988,-111.704042
2003-12-08,0:16:01,32.0,33.246965,-111.704112
2003-12-08,0:16:02,31.0,33.246952,-111.70419
2003-12-08,0:16:03,31.0,33.24695,-111.704267
2003-12-08,0:16:04,31.0,33.246955,-111.704347
2003-12-08,0:16:05,31.0,33.246953,-111.70442
2003-12-08,0:16:05,31.0,33.246948,-111.704488
2003-12-08,0:16:06,30.0,33.246945,-111.704562
2003-12-08,0:16:07,30.0,33.246945,-111.704635
2003-12-08,0:16:08,30.0,33.246952,-111.704708
2003-12-08,0:16:09,31.0,33.246953,-111.704778
2003-12-08,0:16:09,31.0,33.246955,-111.704852
2003-12-08,0:16:10,30.0,33.24696,-111.704927
2003-12-08,0:16:11,31.0,33.246975,-111.704998
2003-12-08,0:16:12,32.0,33.247003,-111.705067
2003-12-08,0:16:13,32.0,33.247033,-111.70513
2003-12-08,0:16:13,32.0,33.247063,-111.705198
2003-12-08,0:16:14,32.0,33.247093,-111.705267
2003-12-08,0:16:15,32.0,33.247125,-111.705338
2003-12-08,0:16:16,32.0,33.247155,-111.70541
2003-12-08,0:16:17,32.0,33.247185,-111.70548
2003-12-08,0:16:17,32.0,33.247225,-111.705547
2003-12-08,0:16:18,33.0,33.247277,-111.705608
2003-12-08,0:16:19,35.0,33.247335,-111.705665
2003-12-08,0:16:20,35.0,33.24739,-111.705718
2003-12-08,0:16:21,36.0,33.24744,-111.705773
2003-12-08,0:16:21,35.0,33.24749,-111.705835
2003-12-08,0:16:22,34.0,33.247538,-111.705895
2003-12-08,0:16:23,35.0,33.247595,-111.70595
2003-12-08,0:16:24,36.0,33.247657,-111.705987
2003-12-08,0:16:25,38.0,33.24773,-111.706018
2003-12-08,0:16:25,40.0,33.247812,-111.706038
2003-12-08,0:16:26,40.0,33.247893,-111.706063
2003-12-08,0:16:27,41.0,33.247977,-111.706092
2003-12-08,0:16:28,41.0,33.248062,-111.706122
2003-12-08,0:16:29,42.0,33.248147,-111.706147
2003-12-08,0:16:29,43.0,33.24824,-111.706168
2003-12-08,0:16:30,44.0,33.248328,-111.706177
2003-12-08,0:16:31,44.0,33.248423,-111.70617
2003-12-08,0:16:32,45.0,33.248515,-111.70615
2003-12-08,0:16:33,48.0,33.248607,-111.70612
2003-12-08,0:16:33,50.0,33.248703,-111.706078
2003-12-08,0:16:34,52.0,33.248802,-111.706032
2003-12-08,0:16:35,53.0,33.248898,-111.70598
2003-12-08,0:16:36,54.0,33.248995,-111.705922
2003-12-08,0:16:37,55.0,33.249095,-111.705857
2003-12-08,0:16:37,56.0,33.24919,-111.705783
2003-12-08,0:16:38,57.0,33.24928,-111.705695
2003-12-08,0:16:39,58.0,33.24937,-111.705602
2003-12-08,0:16:40,59.0,33.249447,-111.705488
2003-12-08,0:16:41,59.0,33.249512,-111.705368
2003-12-08,0:16:41,60.0,33.24956,-111.705238
2003-12-08,0:16:42,59.0,33.249597,-111.705095
2003-12-08,0:16:43,59.0,33.249623,-111.70495
2003-12-08,0:16:44,58.0,33.249648,-111.704812
2003-12-08,0:16:45,59.0,33.249657,-111.704663
2003-12-08,0:16:45,60.0,33.249648,-111.704508
2003-12-08,0:16:46,59.0,33.24963,-111.704362
2003-12-08,0:16:47,60.0,33.24962,-111.704218
2003-12-08,0:16:48,60.0,33.249607,-111.70407
2003-12-08,0:16:49,61.0,33.249588,-111.703918
2003-12-08,0:16:49,59.0,33.249562,-111.703777
2003-12-08,0:16:50,57.0,33.24952,-111.703642
2003-12-08,0:16:51,54.0,33.249462,-111.703522
2003-12-08,0:16:52,51.0,33.249387,-111.703435
2003-12-08,0:16:53,50.0,33.249295,-111.703372
2003-12-08,0:16:53,51.0,33.249195,-111.703325
2003-12-08,0:16:54,54.0,33.249092,-111.703267
2003-12-08,0:16:55,55.0,33.248995,-111.70319
2003-12-08,0:16:56,55.0,33.2489,-111.70311
2003-12-08,0:16:57,54.0,33.248802,-111.703038
2003-12-08,0:16:57,52.0,33.248708,-111.70297
2003-12-08,0:16:58,50.0,33.248603,-111.702913
2003-12-08,0:16:59,48.0,33.248503,-111.70287
2003-12-08,0:17:00,46.0,33.248402,-111.70284
2003-12-08,0:17:01,45.0,33.248303,-111.70284
2003-12-08,0:17:01,44.0,33.248222,-111.702868
2003-12-08,0:17:02,43.0,33.248135,-111.702907
2003-12-08,0:17:03,43.0,33.248045,-111.702945
2003-12-08,0:17:04,43.0,33.247963,-111.702985
2003-12-08,0:17:05,45.0,33.24787,-111.703007
2003-12-08,0:17:05,45.0,33.247778,-111.703025
2003-12-08,0:17:06,44.0,33.247702,-111.703048
2003-12-08,0:17:07,43.0,33.247615,-111.703085
2003-12-08,0:17:08,41.0,33.24754,-111.703133
2003-12-08,0:17:09,40.0,33.247473,-111.703195
2003-12-08,0:17:09,39.0,33.247413,-111.703262
2003-12-08,0:17:10,38.0,33.247362,-111.70333
2003-12-08,0:17:11,38.0,33.24731,-111.703407
2003-12-08,0:17:12,38.0,33.247262,-111.703482
2003-12-08,0:17:13,39.0,33.247208,-111.703553
2003-12-08,0:17:13,39.0,33.247152,-111.70362
2003-12-08,0:17:14,37.0,33.247102,-111.703688
2003-12-08,0:17:15,36.0,33.24706,-111.703763
2003-12-08,0:17:16,35.0,33.247032,-111.703848
2003-12-08,0:17:17,34.0,33.247012,-111.70393
2003-12-08,0:17:17,34.0,33.247003,-111.704012
2003-12-08,0:17:18,34.0,33.246992,-111.704088
2003-12-08,0:17:19,35.0,33.246972,-111.704172
2003-12-08,0:17:20,36.0,33.24695,-111.704255
2003-12-08,0:17:21,35.0,33.246932,-111.704345
2003-12-08,0:17:21,35.0,33.24692,-111.704428
2003-12-08,0:17:22,34.0,33.246927,-111.704523
2003-12-08,0:17:23,32.0,33.246947,-111.704613
2003-12-08,0:17:24,33.0,33.246965,-111.704688
2003-12-08,0:17:25,34.0,33.246983,-111.704765
2003-12-08,0:17:25,35.0,33.246992,-111.704843
2003-12-08,0:17:26,35.0,33.24699,-111.704923
2003-12-08,0:17:27,33.0,33.24699,-111.705
2003-12-08,0:17:28,32.0,33.246998,-111.705078
2003-12-08,0:17:29,32.0,33.247023,-111.705155
2003-12-08,0:17:29,32.0,33.247062,-111.705223
2003-12-08,0:17:30,32.0,33.247102,-111.705282
2003-12-08,0:17:31,34.0,33.24715,-111.705345
2003-12-08,0:17:32,35.0,33.24719,-111.705407
2003-12-08,0:17:33,35.0,33.247228,-111.705473
2003-12-08,0:17:33,34.0,33.247262,-111.705545
2003-12-08,0:17:34,33.0,33.247297,-111.705613
2003-12-08,0:17:35,33.0,33.247342,-111.705675
2003-12-08,0:17:36,33.0,33.247388,-111.705732
2003-12-08,0:17:37,34.0,33.247437,-111.70579
2003-12-08,0:17:37,34.0,33.247493,-111.705855
2003-12-08,0:17:38,35.0,33.24755,-111.705907
2003-12-08,0:17:39,36.0,33.247613,-111.70595
2003-12-08,0:17:40,35.0,33.247678,-111.705988
2003-12-08,0:17:41,36.0,33.247747,-111.70602
2003-12-08,0:17:41,36.0,33.247818,-111.706048
2003-12-08,0:17:42,37.0,33.24789,-111.706077
2003-12-08,0:17:43,38.0,33.247965,-111.706107
2003-12-08,0:17:44,37.0,33.248042,-111.70613
2003-12-08,0:17:45,37.0,33.24812,-111.706147
2003-12-08,0:17:45,39.0,33.248203,-111.706158
2003-12-08,0:17:46,42.0,33.248293,-111.706163
2003-12-08,0:17:47,44.0,33.248383,-111.706165
2003-12-08,0:17:48,44.0,33.248468,-111.706153
2003-12-08,0:17:49,45.0,33.248553,-111.706128
2003-12-08,0:17:49,46.0,33.248642,-111.706088
2003-12-08,0:17:50,45.0,33.248728,-111.706043
2003-12-08,0:17:51,44.0,33.24881,-111.706
2003-12-08,0:17:52,43.0,33.248893,-111.70596
2003-12-08,0:17:53,44.0,33.24898,-111.705928
2003-12-08,0:17:53,44.0,33.249063,-111.705893
2003-12-08,0:17:54,45.0,33.249148,-111.705842
2003-12-08,0:17:55,47.0,33.249228,-111.705775
2003-12-08,0:17:56,50.0,33.249303,-111.705695
2003-12-08,0:17:57,51.0,33.249372,-111.705595
2003-12-08,0:17:57,51.0,33.249428,-111.705482
2003-12-08,0:17:58,51.0,33.249478,-111.705363
2003-12-08,0:17:59,52.0,33.249515,-111.705243
2003-12-08,0:18:00,53.0,33.249547,-111.705128
2003-12-08,0:18:01,54.0,33.249583,-111.704998
2003-12-08,0:18:01,54.0,33.249617,-111.704868
2003-12-08,0:18:02,55.0,33.249647,-111.704738
2003-12-08,0:18:03,54.0,33.249667,-111.704605
2003-12-08,0:18:04,55.0,33.24968,-111.704467
2003-12-08,0:18:05,55.0,33.249678,-111.704328
2003-12-08,0:18:05,55.0,33.249655,-111.704187
2003-12-08,0:18:06,54.0,33.24962,-111.704053
2003-12-08,0:18:07,54.0,33.24958,-111.703927
2003-12-08,0:18:08,54.0,33.249533,-111.703807
2003-12-08,0:18:09,54.0,33.249477,-111.703688
2003-12-08,0:18:09,55.0,33.249408,-111.703578
2003-12-08,0:18:10,55.0,33.249335,-111.703473
2003-12-08,0:18:11,55.0,33.249262,-111.70338
2003-12-08,0:18:12,55.0,33.249178,-111.703287
2003-12-08,0:18:13,54.0,33.249097,-111.703197
2003-12-08,0:18:13,54.0,33.249018,-111.703108
2003-12-08,0:18:14,52.0,33.248933,-111.70303
2003-12-08,0:18:15,50.0,33.248842,-111.702967
2003-12-08,0:18:16,47.0,33.248747,-111.702927
2003-12-08,0:18:17,45.0,33.248645,-111.70291
2003-12-08,0:18:17,48.0,33.248542,-111.702915
2003-12-08,0:18:18,49.0,33.24844,-111.70292
2003-12-08,0:18:19,51.0,33.24833,-111.70292
2003-12-08,0:18:20,51.0,33.248223,-111.702915
2003-12-08,0:18:21,49.0,33.248122,-111.702905
2003-12-08,0:18:23,47.0,33.24783,-111.702952
2003-12-08,0:18:24,47.0,33.247747,-111.702998
2003-12-08,0:18:25,45.0,33.247665,-111.703053
2003-12-08,0:18:25,44.0,33.247592,-111.703118
2003-12-08,0:18:26,44.0,33.24752,-111.703185
2003-12-08,0:18:27,43.0,33.247447,-111.703252
2003-12-08,0:18:28,44.0,33.247375,-111.703317
2003-12-08,0:18:29,44.0,33.247307,-111.703383
2003-12-08,0:18:29,43.0,33.247243,-111.703455
2003-12-08,0:18:30,42.0,33.247182,-111.703533
2003-12-08,0:18:31,41.0,33.247135,-111.703623
2003-12-08,0:18:32,39.0,33.247102,-111.70371
2003-12-08,0:18:33,39.0,33.247072,-111.703802
2003-12-08,0:18:33,39.0,33.247047,-111.703892
2003-12-08,0:18:34,39.0,33.247018,-111.703982
2003-12-08,0:18:35,40.0,33.246983,-111.704073
2003-12-08,0:18:36,39.0,33.246957,-111.704167
2003-12-08,0:18:37,38.0,33.246935,-111.704255
2003-12-08,0:18:37,37.0,33.24693,-111.704345
2003-12-08,0:18:38,37.0,33.246928,-111.70443
2003-12-08,0:18:39,36.0,33.246938,-111.704507
2003-12-08,0:18:40,36.0,33.246953,-111.704588
2003-12-08,0:18:41,37.0,33.246967,-111.704678
2003-12-08,0:18:41,38.0,33.246977,-111.704772
2003-12-08,0:18:42,38.0,33.246975,-111.704863
2003-12-08,0:18:43,36.0,33.24698,-111.704952
2003-12-08,0:18:44,35.0,33.246992,-111.705043
2003-12-08,0:18:45,35.0,33.24701,-111.70513
2003-12-08,0:18:45,34.0,33.247028,-111.705208
2003-12-08,0:18:46,35.0,33.247065,-111.705282
2003-12-08,0:18:47,34.0,33.247103,-111.705348
2003-12-08,0:18:48,34.0,33.24715,-111.705408
2003-12-08,0:18:49,35.0,33.2472,-111.705472
2003-12-08,0:18:49,36.0,33.247247,-111.705542
2003-12-08,0:18:50,37.0,33.24729,-111.705608
2003-12-08,0:18:51,36.0,33.247337,-111.705677
2003-12-08,0:18:52,35.0,33.24738,-111.705747
2003-12-08,0:18:53,35.0,33.24743,-111.705805
2003-12-08,0:18:53,34.0,33.24749,-111.70585
2003-12-08,0:18:54,33.0,33.247553,-111.705887
2003-12-08,0:18:55,33.0,33.247615,-111.705915
2003-12-08,0:18:56,33.0,33.247675,-111.705945
2003-12-08,0:18:57,34.0,33.247733,-111.705982
2003-12-08,0:18:57,34.0,33.247793,-111.706028
2003-12-08,0:18:58,33.0,33.247852,-111.706072
2003-12-08,0:18:59,32.0,33.247913,-111.706105
2003-12-08,0:19:00,31.0,33.247973,-111.706125
2003-12-08,0:19:01,33.0,33.248043,-111.706132
2003-12-08,0:19:01,35.0,33.248122,-111.706127
2003-12-08,0:19:02,35.0,33.248197,-111.706117
2003-12-08,0:19:03,34.0,33.248273,-111.706118
2003-12-08,0:19:04,34.0,33.248342,-111.706123
2003-12-08,0:19:05,34.0,33.248405,-111.706133
2003-12-08,0:19:05,35.0,33.248477,-111.706142
2003-12-08,0:19:06,35.0,33.248545,-111.706138
2003-12-08,0:19:07,35.0,33.248618,-111.706113
2003-12-08,0:19:08,36.0,33.248685,-111.706078
2003-12-08,0:19:09,38.0,33.248762,-111.706032
2003-12-08,0:19:09,36.0,33.248823,-111.706002
2003-12-08,0:19:10,37.0,33.248897,-111.705975
2003-12-08,0:19:11,38.0,33.248968,-111.705947
2003-12-08,0:19:13,40.0,33.24911,-111.705855
2003-12-08,0:19:13,41.0,33.24917,-111.705785
2003-12-08,0:19:14,42.0,33.249227,-111.705702
2003-12-08,0:19:15,43.0,33.249285,-111.705612
2003-12-08,0:19:16,43.0,33.249343,-111.705528
2003-12-08,0:19:17,42.0,33.249402,-111.705453
2003-12-08,0:19:17,42.0,33.249463,-111.705382
2003-12-08,0:19:18,42.0,33.24953,-111.705305
2003-12-08,0:19:19,43.0,33.249572,-111.705217
2003-12-08,0:19:20,45.0,33.249595,-111.70511
2003-12-08,0:19:21,45.0,33.249608,-111.705007
2003-12-08,0:19:25,46.0,33.24964,-111.70446
2003-12-08,0:19:27,47.0,33.249625,-111.704122
2003-12-08,0:19:28,47.0,33.249607,-111.704003
2003-12-08,0:19:29,48.0,33.249578,-111.703892
2003-12-08,0:19:29,47.0,33.249542,-111.703783
2003-12-08,0:19:30,48.0,33.24949,-111.703678
2003-12-08,0:19:31,47.0,33.24942,-111.703578
2003-12-08,0:19:32,45.0,33.249353,-111.7035
2003-12-08,0:19:33,47.0,33.249273,-111.70341
2003-12-08,0:19:33,49.0,33.249198,-111.703323
2003-12-08,0:19:34,48.0,33.249125,-111.703237
2003-12-08,0:19:35,49.0,33.249048,-111.703158
2003-12-08,0:19:36,48.0,33.248967,-111.703085
2003-12-08,0:19:37,46.0,33.248882,-111.703017
2003-12-08,0:19:37,44.0,33.248797,-111.702967
2003-12-08,0:19:38,42.0,33.248703,-111.702937
2003-12-08,0:19:39,42.0,33.248613,-111.702927
2003-12-08,0:19:40,42.0,33.248525,-111.702925
2003-12-08,0:19:41,44.0,33.248433,-111.702923
2003-12-08,0:19:41,46.0,33.248337,-111.702908
2003-12-08,0:19:45,42.0,33.247965,-111.702912
2003-12-08,0:19:45,41.0,33.247883,-111.70294
2003-12-08,0:19:46,40.0,33.247805,-111.702987
2003-12-08,0:19:47,39.0,33.247737,-111.70303
2003-12-08,0:19:48,38.0,33.247672,-111.703068
2003-12-08,0:19:49,39.0,33.2476,-111.703113
2003-12-08,0:19:49,38.0,33.247528,-111.703158
2003-12-08,0:19:50,38.0,33.247463,-111.70321
2003-12-08,0:19:51,38.0,33.247407,-111.703265
2003-12-08,0:19:52,37.0,33.247353,-111.703332
2003-12-08,0:19:53,36.0,33.247305,-111.703402
2003-12-08,0:19:53,36.0,33.247255,-111.703472
2003-12-08,0:19:54,36.0,33.2472,-111.703538
2003-12-08,0:19:55,35.0,33.247145,-111.703603
2003-12-08,0:19:56,34.0,33.247097,-111.703675
2003-12-08,0:19:57,32.0,33.24706,-111.703747
2003-12-08,0:19:57,32.0,33.247035,-111.703822
2003-12-08,0:19:58,32.0,33.247025,-111.703895
2003-12-08,0:19:59,32.0,33.247018,-111.70397
2003-12-08,0:20:00,33.0,33.247003,-111.70405
2003-12-08,0:20:01,34.0,33.246977,-111.704128
2003-12-08,0:20:01,34.0,33.246952,-111.704202
2003-12-08,0:20:02,33.0,33.246932,-111.704275
2003-12-08,0:20:03,31.0,33.246922,-111.704357
2003-12-08,0:20:04,29.0,33.246925,-111.70443
2003-12-08,0:20:05,28.0,33.246942,-111.704497
2003-12-08,0:20:05,30.0,33.246962,-111.704563
2003-12-08,0:20:06,33.0,33.246977,-111.704638
2003-12-08,0:20:07,34.0,33.246965,-111.704718
2003-12-08,0:20:08,34.0,33.24695,-111.704797
2003-12-08,0:20:09,31.0,33.246933,-111.70487
2003-12-08,0:20:09,27.0,33.246942,-111.70494
2003-12-08,0:20:10,26.0,33.24698,-111.704992
2003-12-08,0:20:11,25.0,33.247022,-111.705035
2003-12-08,0:20:12,27.0,33.24706,-111.705085
2003-12-08,0:20:13,31.0,33.247072,-111.705158
2003-12-08,0:20:13,32.0,33.24706,-111.705237
2003-12-08,0:20:14,30.0,33.247042,-111.705312
2003-12-08,0:20:15,24.0,33.247057,-111.705378
2003-12-08,0:20:16,24.0,33.247108,-111.70541
2003-12-08,0:20:17,27.0,33.247168,-111.705403
2003-12-08,0:20:17,27.0,33.247223,-111.705413
2003-12-08,0:20:19,25.0,33.247278,-111.705512
2003-12-08,0:20:20,29.0,33.247218,-111.705555
2003-12-08,0:20:21,33.0,33.247125,-111.705625
2003-12-08,0:20:22,30.0,33.247112,-111.705697
2003-12-08,0:20:23,23.0,33.24712,-111.705765
2003-12-08,0:20:23,19.0,33.24714,-111.705822
2003-12-08,0:20:24,17.0,33.247172,-111.705852
2003-12-08,0:20:25,20.0,33.247218,-111.705858
2003-12-08,0:20:26,25.0,33.247262,-111.70583
2003-12-08,0:20:27,32.0,33.247313,-111.705777
2003-12-08,0:20:27,36.0,33.247372,-111.70571
2003-12-08,0:20:28,40.0,33.247442,-111.705643
2003-12-08,0:20:29,43.0,33.247517,-111.705577
2003-12-08,0:20:30,45.0,33.247597,-111.705517
2003-12-08,0:20:31,46.0,33.247683,-111.705452
2003-12-08,0:20:31,47.0,33.247765,-111.705377
2003-12-08,0:20:32,47.0,33.247842,-111.705317
2003-12-08,0:20:33,47.0,33.24792,-111.70525
2003-12-08,0:20:34,48.0,33.248008,-111.705195
2003-12-08,0:20:35,48.0,33.2481,-111.705147
2003-12-08,0:20:35,48.0,33.24819,-111.705108
2003-12-08,0:20:36,48.0,33.248282,-111.705075
2003-12-08,0:20:37,47.0,33.248375,-111.705045
2003-12-08,0:20:38,46.0,33.248467,-111.705015
2003-12-08,0:20:39,46.0,33.248553,-111.704995
2003-12-08,0:20:39,45.0,33.248638,-111.70498
2003-12-08,0:20:40,44.0,33.248723,-111.704967
2003-12-08,0:20:41,44.0,33.248808,-111.704968
2003-12-08,0:20:42,43.0,33.248895,-111.704975
2003-12-08,0:20:43,43.0,33.248978,-111.704987
2003-12-08,0:20:43,43.0,33.249065,-111.705
2003-12-08,0:20:44,43.0,33.24915,-111.705022
2003-12-08,0:20:45,42.0,33.249232,-111.705043
2003-12-08,0:20:46,40.0,33.249305,-111.705057
2003-12-08,0:20:47,39.0,33.249388,-111.705058
2003-12-08,0:20:47,41.0,33.249468,-111.70502
2003-12-08,0:20:50,50.0,33.249637,-111.704752
2003-12-08,0:20:51,52.0,33.249653,-111.704627
2003-12-08,0:20:51,52.0,33.249657,-111.70449
2003-12-08,0:20:52,52.0,33.249633,-111.704358
2003-12-08,0:20:53,53.0,33.249585,-111.704235
2003-12-08,0:20:54,53.0,33.249507,-111.70413
2003-12-08,0:20:55,50.0,33.249413,-111.70406
2003-12-08,0:20:55,49.0,33.249305,-111.704018
2003-12-08,0:20:56,48.0,33.249197,-111.704008
2003-12-08,0:20:57,49.0,33.249092,-111.704025
2003-12-08,0:20:58,49.0,33.248983,-111.704045
2003-12-08,0:20:59,49.0,33.248878,-111.704065
2003-12-08,0:20:59,49.0,33.248773,-111.704077
2003-12-08,0:21:00,51.0,33.248663,-111.70409
2003-12-08,0:21:01,52.0,33.248552,-111.704102
2003-12-08,0:21:02,51.0,33.248443,-111.704107
2003-12-08,0:21:03,52.0,33.248328,-111.7041
2003-12-08,0:21:03,50.0,33.248218,-111.7041
2003-12-08,0:21:04,49.0,33.248108,-111.70411
2003-12-08,0:21:05,48.0,33.24801,-111.704143
2003-12-08,0:21:06,46.0,33.247918,-111.704193
2003-12-08,0:21:07,45.0,33.247833,-111.704252
2003-12-08,0:21:07,44.0,33.247763,-111.704327
2003-12-08,0:21:08,41.0,33.247715,-111.704415
2003-12-08,0:21:09,37.0,33.247682,-111.704505
2003-12-08,0:21:10,35.0,33.247675,-111.704593
2003-12-08,0:21:11,31.0,33.247687,-111.704668
2003-12-08,0:21:11,29.0,33.247717,-111.70473
2003-12-08,0:21:12,29.0,33.247765,-111.704782
2003-12-08,0:21:13,28.0,33.24782,-111.704813
2003-12-08,0:21:14,27.0,33.247877,-111.704822
2003-12-08,0:21:15,29.0,33.24794,-111.704802
2003-12-08,0:21:15,34.0,33.248002,-111.704748
2003-12-08,0:21:16,38.0,33.248058,-111.70467
2003-12-08,0:21:17,39.0,33.248113,-111.704588
2003-12-08,0:21:18,40.0,33.248168,-111.7045
2003-12-08,0:21:19,40.0,33.248225,-111.704418
2003-12-08,0:21:19,40.0,33.248282,-111.704337
2003-12-08,0:21:20,41.0,33.248345,-111.704253
2003-12-08,0:21:21,42.0,33.24841,-111.704177
2003-12-08,0:21:22,41.0,33.248478,-111.704105
2003-12-08,0:21:23,39.0,33.248548,-111.704052
2003-12-08,0:21:23,37.0,33.248623,-111.704035
2003-12-08,0:21:24,35.0,33.248697,-111.704067
2003-12-08,0:21:25,33.0,33.248737,-111.704135
2003-12-08,0:21:26,34.0,33.248737,-111.704228
2003-12-08,0:21:27,34.0,33.248713,-111.70431
2003-12-08,0:21:27,37.0,33.248658,-111.704388
2003-12-08,0:21:28,40.0,33.24859,-111.704463
2003-12-08,0:21:29,42.0,33.248532,-111.704543
2003-12-08,0:21:30,43.0,33.248465,-111.704615
2003-12-08,0:21:31,42.0,33.248395,-111.704682
2003-12-08,0:21:31,40.0,33.24833,-111.704743
2003-12-08,0:21:32,37.0,33.248292,-111.70481
2003-12-08,0:21:33,32.0,33.248273,-111.70489
2003-12-08,0:21:34,31.0,33.248273,-111.704972
2003-12-08,0:21:35,29.0,33.248297,-111.705027
2003-12-08,0:21:35,30.0,33.248315,-111.705092
2003-12-08,0:21:36,31.0,33.248327,-111.70516
2003-12-08,0:21:37,32.0,33.248333,-111.705237
2003-12-08,0:21:38,34.0,33.248333,-111.70531
2003-12-08,0:21:39,36.0,33.248322,-111.705402
2003-12-08,0:21:39,38.0,33.248305,-111.705498
2003-12-08,0:21:40,38.0,33.248295,-111.705598
2003-12-08,0:21:41,37.0,33.24829,-111.705683
2003-12-08,0:21:42,36.0,33.248297,-111.705763
2003-12-08,0:21:43,35.0,33.248307,-111.705848
2003-12-08,0:21:43,35.0,33.248323,-111.705933
2003-12-08,0:21:44,33.0,33.248347,-111.706012
2003-12-08,0:21:45,33.0,33.248385,-111.70609
2003-12-08,0:21:46,33.0,33.248432,-111.706162
2003-12-08,0:21:47,33.0,33.248485,-111.706218
2003-12-08,0:21:47,33.0,33.248533,-111.706275
2003-12-08,0:21:48,35.0,33.248582,-111.706338
2003-12-08,0:21:49,35.0,33.248628,-111.706402
2003-12-08,0:21:50,34.0,33.24867,-111.706467
2003-12-08,0:21:51,34.0,33.24871,-111.706528
2003-12-08,0:21:51,34.0,33.248745,-111.7066
2003-12-08,0:21:52,35.0,33.248778,-111.706672
2003-12-08,0:21:53,34.0,33.248813,-111.706743
2003-12-08,0:21:54,35.0,33.248847,-111.706818
2003-12-08,0:21:55,36.0,33.248875,-111.706903
2003-12-08,0:21:55,36.0,33.248893,-111.706987
2003-12-08,0:21:56,35.0,33.24891,-111.707072
2003-12-08,0:21:57,35.0,33.248927,-111.70715
2003-12-08,0:21:58,36.0,33.248938,-111.707235
2003-12-08,0:21:59,38.0,33.248932,-111.707323
2003-12-08,0:21:59,39.0,33.248907,-111.707413
2003-12-08,0:22:00,40.0,33.248855,-111.707493
2003-12-08,0:22:01,39.0,33.248785,-111.707547
2003-12-08,0:22:02,42.0,33.248693,-111.70757
2003-12-08,0:22:04,56.0,33.248383,-111.707423
2003-12-08,0:22:05,53.0,33.248308,-111.707313
2003-12-08,0:22:06,53.0,33.248267,-111.707195
2003-12-08,0:22:07,53.0,33.248247,-111.707062
2003-12-08,0:22:08,53.0,33.248235,-111.706795
2003-12-08,0:22:09,52.0,33.248227,-111.706662
2003-12-08,0:22:13,50.0,33.248228,-111.706025
2003-12-08,0:22:14,50.0,33.24824,-111.705898
2003-12-08,0:22:15,50.0,33.248255,-111.705778
2003-12-08,0:22:15,50.0,33.248265,-111.705652
2003-12-08,0:22:16,49.0,33.248267,-111.705535
2003-12-08,0:22:17,49.0,33.24827,-111.705422
2003-12-08,0:22:18,49.0,33.248273,-111.705307
2003-12-08,0:22:19,48.0,33.248268,-111.705192
2003-12-08,0:22:19,47.0,33.248263,-111.705077
2003-12-08,0:22:20,45.0,33.248263,-111.704968
2003-12-08,0:22:21,42.0,33.24827,-111.704865
2003-12-08,0:22:22,41.0,33.248285,-111.704765
2003-12-08,0:22:23,40.0,33.248307,-111.704675
2003-12-08,0:22:23,40.0,33.248338,-111.704585
2003-12-08,0:22:24,38.0,33.24838,-111.704508
2003-12-08,0:22:25,38.0,33.248432,-111.704447
2003-12-08,0:22:26,37.0,33.248498,-111.704403
2003-12-08,0:22:27,37.0,33.248572,-111.704377
2003-12-08,0:22:27,36.0,33.248642,-111.70436
2003-12-08,0:22:28,34.0,33.248712,-111.704363
2003-12-08,0:22:29,33.0,33.248775,-111.704385
2003-12-08,0:22:30,32.0,33.248832,-111.704422
2003-12-08,0:22:31,32.0,33.248877,-111.704485
2003-12-08,0:22:31,33.0,33.248908,-111.704565
2003-12-08,0:22:32,34.0,33.24892,-111.704655
2003-12-08,0:22:33,35.0,33.248923,-111.70475
2003-12-08,0:22:34,36.0,33.248915,-111.704845
2003-12-08,0:22:35,35.0,33.248907,-111.704932
2003-12-08,0:22:35,35.0,33.248892,-111.705015
2003-12-08,0:22:36,36.0,33.24887,-111.705107
2003-12-08,0:22:37,36.0,33.24884,-111.705195
2003-12-08,0:22:38,37.0,33.248808,-111.705277
2003-12-08,0:22:39,37.0,33.24878,-111.70536
2003-12-08,0:22:39,35.0,33.248757,-111.70544
2003-12-08,0:22:40,36.0,33.248732,-111.705527
2003-12-08,0:22:41,34.0,33.248702,-111.70561
2003-12-08,0:22:42,33.0,33.24868,-111.70569
2003-12-08,0:22:43,32.0,33.248657,-111.705762
2003-12-08,0:22:43,31.0,33.248635,-111.705838
2003-12-08,0:22:44,31.0,33.248618,-111.705912
2003-12-08,0:22:45,30.0,33.248608,-111.705982
2003-12-08,0:22:46,30.0,33.248602,-111.706055
2003-12-08,0:22:47,31.0,33.248595,-111.706125
2003-12-08,0:22:47,32.0,33.24859,-111.706202
2003-12-08,0:22:48,33.0,33.248583,-111.706285
2003-12-08,0:22:49,34.0,33.248578,-111.706372
2003-12-08,0:22:50,36.0,33.248567,-111.706458
2003-12-08,0:22:51,36.0,33.248548,-111.706543
2003-12-08,0:22:51,37.0,33.248523,-111.706622
2003-12-08,0:22:53,37.0,33.248437,-111.706762
2003-12-08,0:22:56,37.0,33.24818,-111.706962
2003-12-08,0:22:57,36.0,33.248127,-111.707013
2003-12-08,0:23:00,36.0,33.247973,-111.707287
2003-12-08,0:23:09,33.0,33.24781,-111.708142
2003-12-08,0:23:13,29.0,33.247768,-111.708518
2003-12-08,0:23:15,29.0,33.247898,-111.70864
2003-12-08,0:23:16,32.0,33.247968,-111.708625
2003-12-08,0:23:21,45.0,33.248182,-111.708063
2003-12-08,0:23:34,46.0,33.248225,-111.706053
2003-12-08,0:23:35,45.0,33.24822,-111.705837
2003-12-08,0:23:37,44.0,33.248223,-111.70563
2003-12-08,0:23:38,43.0,33.248222,-111.705527
2003-12-08,0:23:39,42.0,33.248215,-111.705328
2003-12-08,0:23:41,42.0,33.248212,-111.705132
2003-12-08,0:23:42,42.0,33.24821,-111.70503
2003-12-08,0:23:43,42.0,33.248205,-111.704925
2003-12-08,0:23:43,42.0,33.2482,-111.704825
2003-12-08,0:23:44,42.0,33.248193,-111.704727
2003-12-08,0:23:45,42.0,33.248178,-111.704627
2003-12-08,0:23:46,41.0,33.248162,-111.704535
2003-12-08,0:23:47,41.0,33.248123,-111.704447
2003-12-08,0:23:47,40.0,33.248078,-111.704372
2003-12-08,0:23:48,40.0,33.248037,-111.704312
2003-12-08,0:23:49,39.0,33.247968,-111.704248
2003-12-08,0:23:50,39.0,33.247897,-111.704197
2003-12-08,0:23:51,38.0,33.247823,-111.704157
2003-12-08,0:23:51,39.0,33.247758,-111.704118
2003-12-08,0:24:07,34.0,33.247942,-111.703137
2003-12-08,0:24:07,35.0,33.248007,-111.703183
2003-12-08,0:24:08,37.0,33.24807,-111.703247
2003-12-08,0:24:09,37.0,33.248127,-111.70332
2003-12-08,0:24:10,36.0,33.248178,-111.703387
2003-12-08,0:24:11,35.0,33.248237,-111.703453
2003-12-08,0:24:11,34.0,33.248282,-111.703517
2003-12-08,0:24:12,34.0,33.248323,-111.703587
2003-12-08,0:24:13,33.0,33.248363,-111.703652
2003-12-08,0:24:14,34.0,33.2484,-111.70372
2003-12-08,0:24:15,36.0,33.248438,-111.70379
2003-12-08,0:24:15,38.0,33.248478,-111.703863
2003-12-08,0:24:16,39.0,33.248513,-111.70394
2003-12-08,0:24:17,38.0,33.248542,-111.704018
2003-12-08,0:24:18,37.0,33.24856,-111.704103
2003-12-08,0:24:19,36.0,33.24858,-111.70419
2003-12-08,0:24:19,35.0,33.2486,-111.704273
2003-12-08,0:24:20,35.0,33.24862,-111.704357
2003-12-08,0:24:21,33.0,33.248635,-111.704443
2003-12-08,0:24:22,31.0,33.248665,-111.704512
2003-12-08,0:24:23,31.0,33.24872,-111.704552
2003-12-08,0:24:23,35.0,33.248797,-111.704548
2003-12-08,0:24:24,37.0,33.248867,-111.704515
2003-12-08,0:24:25,39.0,33.248927,-111.70446
2003-12-08,0:24:26,40.0,33.24898,-111.704388
2003-12-08,0:24:27,41.0,33.249045,-111.704325
2003-12-08,0:24:27,43.0,33.24912,-111.704263
2003-12-08,0:24:28,42.0,33.249197,-111.70421
2003-12-08,0:24:29,41.0,33.249268,-111.704163
2003-12-08,0:24:30,42.0,33.249348,-111.704122
2003-12-08,0:24:31,40.0,33.249503,-111.704072
2003-12-08,0:24:32,40.0,33.249587,-111.704077
2003-12-08,0:24:33,38.0,33.249665,-111.704102
2003-12-08,0:24:34,37.0,33.249728,-111.704153
2003-12-08,0:24:35,37.0,33.249767,-111.704227
2003-12-08,0:24:37,40.0,33.24972,-111.704505
2003-12-08,0:24:38,39.0,33.249653,-111.70458
2003-12-08,0:24:39,41.0,33.249565,-111.704618
2003-12-08,0:24:39,45.0,33.249462,-111.704633
2003-12-08,0:24:40,46.0,33.24936,-111.704642
2003-12-08,0:24:41,44.0,33.249268,-111.704653
2003-12-08,0:24:42,44.0,33.249177,-111.704658
2003-12-08,0:24:43,44.0,33.249085,-111.70466
2003-12-08,0:24:43,44.0,33.248995,-111.704672
2003-12-08,0:24:44,44.0,33.248907,-111.70468
2003-12-08,0:24:45,45.0,33.248812,-111.704683
2003-12-08,0:24:46,48.0,33.24871,-111.704668
2003-12-08,0:24:47,51.0,33.248607,-111.704655
2003-12-08,0:24:47,54.0,33.248492,-111.704643
2003-12-08,0:24:48,54.0,33.248372,-111.704637
2003-12-08,0:24:49,51.0,33.248262,-111.704633
2003-12-08,0:24:50,50.0,33.248162,-111.704635
2003-12-08,0:24:51,51.0,33.248055,-111.704633
2003-12-08,0:24:51,51.0,33.247948,-111.704637
2003-12-08,0:24:52,50.0,33.247853,-111.704663
2003-12-08,0:24:53,50.0,33.247753,-111.704703
2003-12-08,0:24:54,49.0,33.247663,-111.70476
2003-12-08,0:24:55,50.0,33.247477,-111.704867
2003-12-08,0:24:56,51.0,33.247375,-111.704907
2003-12-08,0:24:57,51.0,33.247268,-111.704905
2003-12-08,0:24:58,53.0,33.247163,-111.704875
2003-12-08,0:25:05,44.0,33.247158,-111.703952
2003-12-08,0:25:06,43.0,33.247253,-111.703925
2003-12-08,0:25:07,41.0,33.247442,-111.703943
2003-12-08,0:25:11,39.0,33.247868,-111.704032
2003-12-08,0:25:12,38.0,33.247953,-111.704048
2003-12-08,0:25:13,37.0,33.248028,-111.704065
2003-12-08,0:25:14,37.0,33.248107,-111.704085
2003-12-08,0:25:15,37.0,33.24818,-111.704103
2003-12-08,0:25:15,36.0,33.248258,-111.704132
2003-12-08,0:25:16,35.0,33.248337,-111.704153
2003-12-08,0:25:17,35.0,33.248407,-111.704173
2003-12-08,0:25:18,36.0,33.24848,-111.704195
2003-12-08,0:25:19,37.0,33.248555,-111.70422
2003-12-08,0:25:19,39.0,33.248622,-111.704257
2003-12-08,0:25:20,38.0,33.248688,-111.704295
2003-12-08,0:25:21,38.0,33.248755,-111.704333
2003-12-08,0:25:22,39.0,33.248822,-111.704375
2003-12-08,0:25:23,38.0,33.248887,-111.704427
2003-12-08,0:25:23,36.0,33.248942,-111.704495
2003-12-08,0:25:24,41.0,33.248965,-111.704585
2003-12-08,0:25:25,47.0,33.248962,-111.70469
2003-12-08,0:25:26,50.0,33.248943,-111.704805
2003-12-08,0:25:27,49.0,33.24892,-111.704925
2003-12-08,0:25:28,46.0,33.24884,-111.70515
2003-12-08,0:25:29,42.0,33.248802,-111.705248
2003-12-08,0:25:30,39.0,33.248768,-111.70534
2003-12-08,0:25:31,40.0,33.248738,-111.705427
2003-12-08,0:25:31,41.0,33.24872,-111.705512
2003-12-08,0:25:32,42.0,33.248697,-111.705605
2003-12-08,0:25:33,43.0,33.248675,-111.705702
2003-12-08,0:25:34,43.0,33.24865,-111.705805
2003-12-08,0:25:35,43.0,33.248615,-111.705897
2003-12-08,0:25:35,39.0,33.248548,-111.70596
2003-12-08,0:25:36,48.0,33.248448,-111.705968
2003-12-08,0:25:37,53.0,33.248338,-111.705932
2003-12-08,0:25:38,51.0,33.248262,-111.705852
2003-12-08,0:25:39,53.0,33.248217,-111.705727
2003-12-08,0:25:39,52.0,33.248197,-111.705577
2003-12-08,0:25:40,53.0,33.24821,-111.705442
2003-12-08,0:25:41,43.0,33.248243,-111.70532
2003-12-08,0:25:42,31.0,33.248275,-111.705233
2003-12-08,0:25:43,31.0,33.248283,-111.705158
2003-12-08,0:25:43,46.0,33.248258,-111.705013
2003-12-08,0:25:44,45.0,33.248255,-111.704902
2003-12-08,0:25:45,37.0,33.24824,-111.704805
2003-12-08,0:25:49,0.0,33.248227,-111.704713
2003-12-08,0:25:52,0.0,33.248225,-111.704712
2003-12-08,0:25:53,0.0,33.248225,-111.70471
2003-12-08,0:26:17,1.0,33.248237,-111.70426
2003-12-08,0:26:17,1.0,33.248237,-111.704258
2003-12-08,0:26:18,1.0,33.248262,-111.704332
2003-12-08,0:26:18,1.0,33.248265,-111.704413
2003-12-08,0:26:18,1.0,33.248248,-111.70448
2003-12-08,0:26:18,1.0,33.248225,-111.704503
2003-12-08,0:26:18,1.0,33.248208,-111.704528
