  date,  time,  speed,  latitude, lat_direction,  longitude, lon_direction
2016-04-12,15:49:34,4.0,32.091495,N,34.975389,E
2016-04-12,15:49:35,3.0,32.091437,N,34.975459,E
2016-04-12,15:49:36,3.0,32.091429,N,34.975476,E
2016-04-12,15:49:37,5.0,32.091461,N,34.975487,E
2016-04-12,15:49:38,5.0,32.091496,N,34.9755,E
2016-04-12,15:49:39,4.0,32.091472,N,34.975525,E
2016-04-12,15:49:40,4.0,32.091471,N,34.975534,E
2016-04-12,15:49:41,4.0,32.091486,N,34.975537,E
2016-04-12,15:49:42,2.0,32.091471,N,34.975529,E
2016-04-12,15:49:43,2.0,32.091482,N,34.975535,E
2016-04-12,15:49:44,2.0,32.091489,N,34.975539,E
2016-04-12,15:49:45,2.0,32.091482,N,34.975564,E
2016-04-12,15:49:46,2.0,32.091487,N,34.975571,E
2016-04-12,15:49:47,1.0,32.091479,N,34.975575,E
2016-04-12,15:49:48,0.0,32.091479,N,34.975591,E
2016-04-12,15:49:49,1.0,32.091467,N,34.975592,E
2016-04-12,15:49:50,2.0,32.091453,N,34.975606,E
2016-04-12,15:49:51,1.0,32.091482,N,34.97559,E
2016-04-12,15:49:52,4.0,32.091501,N,34.975611,E
2016-04-12,15:49:53,4.0,32.091504,N,34.97561,E
2016-04-12,15:49:54,9.0,32.091518,N,34.975644,E
2016-04-12,15:49:55,11.0,32.09152,N,34.975685,E
2016-04-12,15:49:56,10.0,32.091543,N,34.975712,E
2016-04-12,15:49:57,8.0,32.091556,N,34.975732,E
2016-04-12,15:49:58,7.0,32.091561,N,34.975751,E
2016-04-12,15:49:59,10.0,32.091555,N,34.975817,E
2016-04-12,15:50:00,8.0,32.09158,N,34.975823,E
2016-04-12,15:50:01,8.0,32.091582,N,34.97585,E
2016-04-12,15:50:02,8.0,32.091606,N,34.97587,E
2016-04-12,15:50:03,9.0,32.091611,N,34.975892,E
2016-04-12,15:50:04,10.0,32.091622,N,34.97593,E
2016-04-12,15:50:05,10.0,32.091631,N,34.975969,E
2016-04-12,15:50:06,11.0,32.09162,N,34.976016,E
2016-04-12,15:50:07,10.0,32.091609,N,34.976052,E
2016-04-12,15:50:08,9.0,32.09162,N,34.97607,E
2016-04-12,15:50:09,8.0,32.091636,N,34.976097,E
2016-04-12,15:50:10,10.0,32.091666,N,34.976119,E
2016-04-12,15:50:11,11.0,32.091688,N,34.976151,E
2016-04-12,15:50:12,10.0,32.091712,N,34.976174,E
2016-04-12,15:50:13,8.0,32.09172,N,34.976189,E
2016-04-12,15:50:14,10.0,32.091741,N,34.976224,E
2016-04-12,15:50:15,11.0,32.091749,N,34.976258,E
2016-04-12,15:50:16,12.0,32.091783,N,34.976308,E
2016-04-12,15:50:17,11.0,32.091787,N,34.976337,E
2016-04-12,15:50:18,10.0,32.09176,N,34.976369,E
2016-04-12,15:50:19,10.0,32.091755,N,34.976413,E
2016-04-12,15:50:20,8.0,32.09173,N,34.976423,E
2016-04-12,15:50:21,8.0,32.091729,N,34.976449,E
2016-04-12,15:50:22,8.0,32.091737,N,34.976478,E
2016-04-12,15:50:23,8.0,32.091753,N,34.976494,E
2016-04-12,15:50:24,9.0,32.091774,N,34.976525,E
2016-04-12,15:50:25,7.0,32.091781,N,34.976538,E
2016-04-12,15:50:26,8.0,32.091789,N,34.976575,E
2016-04-12,15:50:27,9.0,32.091831,N,34.976604,E
2016-04-12,15:50:28,8.0,32.091795,N,34.976634,E
2016-04-12,15:50:29,7.0,32.091788,N,34.976658,E
2016-04-12,15:50:30,8.0,32.091801,N,34.976688,E
2016-04-12,15:50:31,10.0,32.091816,N,34.976719,E
2016-04-12,15:50:32,9.0,32.09183,N,34.976748,E
2016-04-12,15:50:33,10.0,32.091843,N,34.976783,E
2016-04-12,15:50:34,11.0,32.091851,N,34.976828,E
2016-04-12,15:50:35,11.0,32.091887,N,34.976871,E
2016-04-12,15:50:36,9.0,32.09189,N,34.976881,E
2016-04-12,15:50:37,9.0,32.091891,N,34.976896,E
2016-04-12,15:50:38,8.0,32.091903,N,34.976913,E
2016-04-12,15:50:39,7.0,32.09193,N,34.976932,E
2016-04-12,15:50:40,7.0,32.09192,N,34.976967,E
2016-04-12,15:50:41,8.0,32.091926,N,34.977002,E
2016-04-12,15:50:42,9.0,32.091938,N,34.977031,E
2016-04-12,15:50:43,9.0,32.091908,N,34.977072,E
2016-04-12,15:50:44,8.0,32.091922,N,34.977106,E
2016-04-12,15:50:45,10.0,32.091972,N,34.977138,E
2016-04-12,15:50:46,9.0,32.091971,N,34.977178,E
2016-04-12,15:50:47,8.0,32.091996,N,34.977209,E
2016-04-12,15:50:48,8.0,32.092006,N,34.977251,E
2016-04-12,15:50:49,9.0,32.092034,N,34.977275,E
2016-04-12,15:50:50,11.0,32.092059,N,34.977302,E
2016-04-12,15:50:51,12.0,32.09209,N,34.977351,E
2016-04-12,15:50:52,11.0,32.092118,N,34.977389,E
2016-04-12,15:50:53,12.0,32.092133,N,34.977433,E
2016-04-12,15:50:54,10.0,32.092142,N,34.977466,E
2016-04-12,15:50:55,9.0,32.092151,N,34.977502,E
2016-04-12,15:50:56,10.0,32.092164,N,34.977533,E
2016-04-12,15:50:57,8.0,32.092171,N,34.97756,E
2016-04-12,15:50:58,10.0,32.092195,N,34.977588,E
2016-04-12,15:50:59,11.0,32.092222,N,34.977622,E
2016-04-12,15:51:00,10.0,32.092224,N,34.977644,E
2016-04-12,15:51:01,11.0,32.092266,N,34.977673,E
2016-04-12,15:51:02,10.0,32.092278,N,34.977702,E
2016-04-12,15:51:03,10.0,32.092286,N,34.977734,E
2016-04-12,15:51:04,9.0,32.092301,N,34.97776,E
2016-04-12,15:51:05,10.0,32.092305,N,34.977794,E
2016-04-12,15:51:06,10.0,32.092347,N,34.977819,E
2016-04-12,15:51:07,10.0,32.092362,N,34.977848,E
2016-04-12,15:51:08,10.0,32.092383,N,34.977874,E
2016-04-12,15:51:09,10.0,32.092414,N,34.97791,E
2016-04-12,15:51:10,7.0,32.092428,N,34.977931,E
2016-04-12,15:51:11,8.0,32.092432,N,34.977961,E
2016-04-12,15:51:12,9.0,32.092451,N,34.97799,E
2016-04-12,15:51:13,9.0,32.092458,N,34.978027,E
2016-04-12,15:51:14,12.0,32.092478,N,34.978075,E
2016-04-12,15:51:15,12.0,32.092483,N,34.978107,E
2016-04-12,15:51:16,12.0,32.0925,N,34.978139,E
2016-04-12,15:51:17,9.0,32.092493,N,34.978164,E
2016-04-12,15:51:18,8.0,32.092506,N,34.97819,E
2016-04-12,15:51:19,11.0,32.092512,N,34.978231,E
2016-04-12,15:51:20,11.0,32.092556,N,34.978264,E
2016-04-12,15:51:21,11.0,32.09256,N,34.978307,E
2016-04-12,15:51:22,9.0,32.092604,N,34.978329,E
2016-04-12,15:51:23,9.0,32.092623,N,34.978363,E
2016-04-12,15:51:24,8.0,32.092627,N,34.978388,E
2016-04-12,15:51:25,7.0,32.092595,N,34.97841,E
2016-04-12,15:51:26,7.0,32.092624,N,34.978427,E
2016-04-12,15:51:27,10.0,32.09263,N,34.978471,E
2016-04-12,15:51:28,9.0,32.092627,N,34.978505,E
2016-04-12,15:51:29,9.0,32.092661,N,34.978537,E
2016-04-12,15:51:30,10.0,32.092649,N,34.978569,E
2016-04-12,15:51:31,11.0,32.092695,N,34.978607,E
2016-04-12,15:51:32,10.0,32.092711,N,34.97863,E
2016-04-12,15:51:33,9.0,32.092714,N,34.978646,E
2016-04-12,15:51:34,10.0,32.092759,N,34.978687,E
2016-04-12,15:51:35,10.0,32.092795,N,34.978707,E
2016-04-12,15:51:36,10.0,32.092819,N,34.978741,E
2016-04-12,15:51:37,9.0,32.09281,N,34.978758,E
2016-04-12,15:51:38,9.0,32.092813,N,34.978777,E
2016-04-12,15:51:39,10.0,32.092836,N,34.978807,E
2016-04-12,15:51:40,11.0,32.092871,N,34.97884,E
2016-04-12,15:51:41,11.0,32.092896,N,34.978863,E
2016-04-12,15:51:42,11.0,32.09293,N,34.978888,E
2016-04-12,15:51:43,10.0,32.092911,N,34.978912,E
2016-04-12,15:51:44,12.0,32.092961,N,34.978936,E
2016-04-12,15:51:45,12.0,32.092978,N,34.978954,E
2016-04-12,15:51:46,12.0,32.093015,N,34.978982,E
2016-04-12,15:51:47,11.0,32.093036,N,34.979013,E
2016-04-12,15:51:48,12.0,32.093084,N,34.979038,E
2016-04-12,15:51:49,11.0,32.093102,N,34.979058,E
2016-04-12,15:51:50,11.0,32.093115,N,34.97908,E
2016-04-12,15:51:51,12.0,32.093152,N,34.979097,E
2016-04-12,15:51:52,12.0,32.093172,N,34.97911,E
2016-04-12,15:51:53,12.0,32.093186,N,34.979135,E
2016-04-12,15:51:54,10.0,32.093219,N,34.979144,E
2016-04-12,15:51:55,13.0,32.093242,N,34.97917,E
2016-04-12,15:51:56,12.0,32.093256,N,34.979201,E
2016-04-12,15:51:57,11.0,32.09329,N,34.979219,E
2016-04-12,15:51:58,11.0,32.093309,N,34.979238,E
2016-04-12,15:51:59,10.0,32.093329,N,34.979257,E
2016-04-12,15:52:00,11.0,32.093353,N,34.979273,E
2016-04-12,15:52:01,11.0,32.093386,N,34.979293,E
2016-04-12,15:52:02,11.0,32.093394,N,34.979318,E
2016-04-12,15:52:03,11.0,32.093408,N,34.979337,E
2016-04-12,15:52:04,12.0,32.093451,N,34.979356,E
2016-04-12,15:52:05,11.0,32.093462,N,34.97938,E
2016-04-12,15:52:06,10.0,32.093472,N,34.979407,E
2016-04-12,15:52:07,10.0,32.093501,N,34.979435,E
2016-04-12,15:52:08,12.0,32.093549,N,34.979459,E
2016-04-12,15:52:09,10.0,32.09357,N,34.979472,E
2016-04-12,15:52:10,10.0,32.093587,N,34.9795,E
2016-04-12,15:52:11,11.0,32.093583,N,34.97952,E
2016-04-12,15:52:12,10.0,32.0936,N,34.979544,E
2016-04-12,15:52:13,9.0,32.09362,N,34.979567,E
2016-04-12,15:52:14,8.0,32.09363,N,34.979582,E
2016-04-12,15:52:15,8.0,32.093657,N,34.979596,E
2016-04-12,15:52:16,9.0,32.093686,N,34.979591,E
2016-04-12,15:52:17,10.0,32.093726,N,34.979591,E
2016-04-12,15:52:18,11.0,32.093761,N,34.979589,E
2016-04-12,15:52:19,10.0,32.093784,N,34.979574,E
2016-04-12,15:52:20,9.0,32.093799,N,34.979567,E
2016-04-12,15:52:21,10.0,32.093842,N,34.979551,E
2016-04-12,15:52:22,12.0,32.093887,N,34.979509,E
2016-04-12,15:52:23,12.0,32.093915,N,34.97948,E
2016-04-12,15:52:24,11.0,32.093954,N,34.979482,E
2016-04-12,15:52:25,10.0,32.093963,N,34.979473,E
2016-04-12,15:52:26,9.0,32.093971,N,34.979495,E
2016-04-12,15:52:27,11.0,32.094015,N,34.979463,E
2016-04-12,15:52:28,10.0,32.094041,N,34.979463,E
2016-04-12,15:52:29,12.0,32.094086,N,34.979424,E
2016-04-12,15:52:30,12.0,32.09411,N,34.979406,E
2016-04-12,15:52:31,9.0,32.094118,N,34.979395,E
2016-04-12,15:52:32,12.0,32.094155,N,34.979354,E
2016-04-12,15:52:33,10.0,32.094186,N,34.979324,E
2016-04-12,15:52:34,11.0,32.094212,N,34.979303,E
2016-04-12,15:52:35,8.0,32.094234,N,34.979296,E
2016-04-12,15:52:36,8.0,32.094258,N,34.979295,E
2016-04-12,15:52:37,12.0,32.094303,N,34.97927,E
2016-04-12,15:52:38,12.0,32.094336,N,34.97926,E
2016-04-12,15:52:39,12.0,32.094373,N,34.979255,E
2016-04-12,15:52:40,12.0,32.094402,N,34.979247,E
2016-04-12,15:52:41,12.0,32.094432,N,34.979215,E
2016-04-12,15:52:42,13.0,32.094473,N,34.979206,E
2016-04-12,15:52:43,12.0,32.094488,N,34.979174,E
2016-04-12,15:52:44,10.0,32.094501,N,34.979192,E
2016-04-12,15:52:45,9.0,32.094498,N,34.97916,E
2016-04-12,15:52:46,7.0,32.09451,N,34.979143,E
2016-04-12,15:52:47,7.0,32.094519,N,34.979128,E
2016-04-12,15:52:48,8.0,32.094539,N,34.979099,E
2016-04-12,15:52:49,7.0,32.094547,N,34.979077,E
2016-04-12,15:52:50,8.0,32.094556,N,34.979047,E
2016-04-12,15:52:51,10.0,32.094588,N,34.979014,E
2016-04-12,15:52:52,13.0,32.094625,N,34.978987,E
2016-04-12,15:52:53,13.0,32.094645,N,34.978955,E
2016-04-12,15:52:54,12.0,32.094658,N,34.978928,E
2016-04-12,15:52:55,12.0,32.094695,N,34.978913,E
2016-04-12,15:52:56,12.0,32.094724,N,34.978893,E
2016-04-12,15:52:57,12.0,32.094748,N,34.978871,E
2016-04-12,15:52:58,11.0,32.094756,N,34.978845,E
2016-04-12,15:52:59,10.0,32.09476,N,34.978811,E
2016-04-12,15:53:00,10.0,32.094782,N,34.978772,E
2016-04-12,15:53:01,10.0,32.0948,N,34.978741,E
2016-04-12,15:53:02,10.0,32.094826,N,34.978733,E
2016-04-12,15:53:03,11.0,32.094852,N,34.978691,E
2016-04-12,15:53:04,10.0,32.09486,N,34.978679,E
2016-04-12,15:53:05,11.0,32.094885,N,34.978636,E
2016-04-12,15:53:06,12.0,32.094877,N,34.978602,E
2016-04-12,15:53:07,11.0,32.094892,N,34.978561,E
2016-04-12,15:53:08,10.0,32.094897,N,34.978552,E
2016-04-12,15:53:09,10.0,32.094904,N,34.978502,E
2016-04-12,15:53:10,10.0,32.094905,N,34.978484,E
2016-04-12,15:53:11,9.0,32.094909,N,34.978468,E
2016-04-12,15:53:12,8.0,32.094905,N,34.978449,E
2016-04-12,15:53:13,12.0,32.094918,N,34.978398,E
2016-04-12,15:53:14,10.0,32.09492,N,34.978364,E
2016-04-12,15:53:15,11.0,32.09491,N,34.978337,E
2016-04-12,15:53:16,13.0,32.094903,N,34.978298,E
2016-04-12,15:53:17,12.0,32.094899,N,34.978262,E
2016-04-12,15:53:18,12.0,32.094893,N,34.978228,E
2016-04-12,15:53:19,10.0,32.094905,N,34.978189,E
2016-04-12,15:53:20,11.0,32.094907,N,34.978147,E
2016-04-12,15:53:21,8.0,32.0949,N,34.978138,E
2016-04-12,15:53:22,7.0,32.094899,N,34.978111,E
2016-04-12,15:53:23,8.0,32.094893,N,34.978078,E
2016-04-12,15:53:24,10.0,32.094891,N,34.978035,E
2016-04-12,15:53:25,10.0,32.094894,N,34.978001,E
2016-04-12,15:53:26,12.0,32.094876,N,34.97795,E
2016-04-12,15:53:27,10.0,32.094864,N,34.977904,E
2016-04-12,15:53:28,8.0,32.094861,N,34.97788,E
2016-04-12,15:53:29,9.0,32.094844,N,34.977841,E
2016-04-12,15:53:30,10.0,32.094827,N,34.977813,E
2016-04-12,15:53:31,9.0,32.0948,N,34.977793,E
2016-04-12,15:53:32,7.0,32.094796,N,34.977796,E
2016-04-12,15:53:33,10.0,32.094788,N,34.977761,E
2016-04-12,15:53:34,10.0,32.094789,N,34.97773,E
2016-04-12,15:53:35,10.0,32.094784,N,34.977701,E
2016-04-12,15:53:36,10.0,32.094791,N,34.977666,E
2016-04-12,15:53:37,9.0,32.094768,N,34.977642,E
2016-04-12,15:53:38,9.0,32.094747,N,34.977596,E
2016-04-12,15:53:39,11.0,32.09474,N,34.977554,E
2016-04-12,15:53:40,10.0,32.094724,N,34.977519,E
2016-04-12,15:53:41,12.0,32.09472,N,34.977485,E
2016-04-12,15:53:42,11.0,32.094716,N,34.977457,E
2016-04-12,15:53:43,11.0,32.094696,N,34.977414,E
2016-04-12,15:53:44,11.0,32.094686,N,34.977374,E
2016-04-12,15:53:45,10.0,32.094677,N,34.977352,E
2016-04-12,15:53:46,9.0,32.094682,N,34.977329,E
2016-04-12,15:53:47,9.0,32.094672,N,34.977306,E
2016-04-12,15:53:48,9.0,32.094641,N,34.977273,E
2016-04-12,15:53:49,10.0,32.094623,N,34.977247,E
2016-04-12,15:53:50,11.0,32.094595,N,34.977207,E
2016-04-12,15:53:51,11.0,32.094568,N,34.977161,E
2016-04-12,15:53:52,9.0,32.094569,N,34.977137,E
2016-04-12,15:53:53,8.0,32.094551,N,34.977125,E
2016-04-12,15:53:54,7.0,32.094531,N,34.977122,E
2016-04-12,15:53:55,9.0,32.094533,N,34.977063,E
2016-04-12,15:53:56,8.0,32.094519,N,34.97704,E
2016-04-12,15:53:57,9.0,32.094511,N,34.977013,E
2016-04-12,15:53:58,6.0,32.094504,N,34.976991,E
2016-04-12,15:53:59,6.0,32.0945,N,34.976961,E
2016-04-12,15:54:00,10.0,32.094482,N,34.976914,E
2016-04-12,15:54:01,10.0,32.094465,N,34.976871,E
2016-04-12,15:54:02,7.0,32.094466,N,34.976833,E
2016-04-12,15:54:03,7.0,32.094462,N,34.976805,E
2016-04-12,15:54:04,8.0,32.094453,N,34.976775,E
2016-04-12,15:54:05,8.0,32.094436,N,34.976751,E
2016-04-12,15:54:06,9.0,32.094425,N,34.976722,E
2016-04-12,15:54:07,9.0,32.094415,N,34.976695,E
2016-04-12,15:54:08,10.0,32.094385,N,34.976678,E
2016-04-12,15:54:09,11.0,32.094363,N,34.976625,E
2016-04-12,15:54:10,8.0,32.094358,N,34.976582,E
2016-04-12,15:54:11,6.0,32.094344,N,34.976553,E
2016-04-12,15:54:12,6.0,32.094329,N,34.976517,E
2016-04-12,15:54:13,6.0,32.09433,N,34.976494,E
2016-04-12,15:54:14,7.0,32.094316,N,34.976463,E
2016-04-12,15:54:15,10.0,32.094305,N,34.976414,E
2016-04-12,15:54:16,10.0,32.094308,N,34.976379,E
2016-04-12,15:54:17,9.0,32.094296,N,34.976342,E
2016-04-12,15:54:18,10.0,32.094283,N,34.976319,E
2016-04-12,15:54:19,11.0,32.094273,N,34.976294,E
2016-04-12,15:54:20,9.0,32.094263,N,34.976267,E
2016-04-12,15:54:21,9.0,32.094248,N,34.976241,E
2016-04-12,15:54:22,10.0,32.094235,N,34.976206,E
2016-04-12,15:54:23,9.0,32.094219,N,34.97618,E
2016-04-12,15:54:24,12.0,32.094189,N,34.976124,E
2016-04-12,15:54:25,8.0,32.094208,N,34.976113,E
2016-04-12,15:54:26,7.0,32.094198,N,34.976095,E
2016-04-12,15:54:27,7.0,32.094162,N,34.976076,E
2016-04-12,15:54:28,8.0,32.094167,N,34.976039,E
2016-04-12,15:54:29,9.0,32.094165,N,34.976011,E
2016-04-12,15:54:30,10.0,32.094149,N,34.975966,E
2016-04-12,15:54:31,7.0,32.094144,N,34.975932,E
2016-04-12,15:54:32,9.0,32.094153,N,34.9759,E
2016-04-12,15:54:33,10.0,32.094152,N,34.975864,E
2016-04-12,15:54:34,11.0,32.09412,N,34.975823,E
2016-04-12,15:54:35,13.0,32.094094,N,34.975781,E
2016-04-12,15:54:36,13.0,32.094072,N,34.975736,E
2016-04-12,15:54:37,13.0,32.09405,N,34.975701,E
2016-04-12,15:54:38,13.0,32.094031,N,34.975664,E
2016-04-12,15:54:39,8.0,32.094046,N,34.975641,E
2016-04-12,15:54:40,7.0,32.094045,N,34.975632,E
2016-04-12,15:54:41,8.0,32.094041,N,34.975607,E
2016-04-12,15:54:42,7.0,32.094036,N,34.975586,E
2016-04-12,15:54:43,8.0,32.09403,N,34.975555,E
2016-04-12,15:54:44,8.0,32.094009,N,34.975541,E
2016-04-12,15:54:45,9.0,32.09398,N,34.975504,E
2016-04-12,15:54:46,9.0,32.093961,N,34.975459,E
2016-04-12,15:54:47,9.0,32.093953,N,34.975419,E
2016-04-12,15:54:48,10.0,32.093938,N,34.975381,E
2016-04-12,15:54:49,11.0,32.093918,N,34.97534,E
2016-04-12,15:54:50,8.0,32.09392,N,34.97534,E
2016-04-12,15:54:51,10.0,32.093898,N,34.975301,E
2016-04-12,15:54:52,11.0,32.093879,N,34.975273,E
2016-04-12,15:54:53,8.0,32.093881,N,34.97526,E
2016-04-12,15:54:54,8.0,32.09387,N,34.975221,E
2016-04-12,15:54:55,8.0,32.093861,N,34.975193,E
2016-04-12,15:54:56,8.0,32.09384,N,34.975169,E
2016-04-12,15:54:57,9.0,32.093818,N,34.975138,E
2016-04-12,15:54:58,9.0,32.093794,N,34.975108,E
2016-04-12,15:54:59,8.0,32.093776,N,34.975079,E
2016-04-12,15:55:00,8.0,32.093761,N,34.975057,E
2016-04-12,15:55:01,9.0,32.09373,N,34.97503,E
2016-04-12,15:55:02,11.0,32.093707,N,34.974967,E
2016-04-12,15:55:03,12.0,32.093712,N,34.974919,E
2016-04-12,15:55:04,8.0,32.093697,N,34.974908,E
2016-04-12,15:55:05,8.0,32.093693,N,34.974889,E
2016-04-12,15:55:06,8.0,32.093681,N,34.974854,E
2016-04-12,15:55:07,8.0,32.093673,N,34.97482,E
2016-04-12,15:55:08,9.0,32.093667,N,34.974788,E
2016-04-12,15:55:09,9.0,32.093651,N,34.97476,E
2016-04-12,15:55:10,7.0,32.093643,N,34.974733,E
2016-04-12,15:55:11,7.0,32.093639,N,34.974713,E
2016-04-12,15:55:12,8.0,32.093623,N,34.974678,E
2016-04-12,15:55:13,8.0,32.093615,N,34.974644,E
2016-04-12,15:55:14,9.0,32.093589,N,34.97461,E
2016-04-12,15:55:15,10.0,32.093572,N,34.974572,E
2016-04-12,15:55:16,11.0,32.093571,N,34.974524,E
2016-04-12,15:55:17,8.0,32.093562,N,34.974499,E
2016-04-12,15:55:18,8.0,32.093548,N,34.974452,E
2016-04-12,15:55:19,9.0,32.093535,N,34.974417,E
2016-04-12,15:55:20,9.0,32.093522,N,34.974386,E
2016-04-12,15:55:21,9.0,32.093515,N,34.974355,E
2016-04-12,15:55:22,9.0,32.093501,N,34.974319,E
2016-04-12,15:55:23,9.0,32.093472,N,34.9743,E
2016-04-12,15:55:24,9.0,32.093461,N,34.974279,E
2016-04-12,15:55:25,8.0,32.093449,N,34.974267,E
2016-04-12,15:55:26,10.0,32.093421,N,34.974219,E
2016-04-12,15:55:27,10.0,32.093403,N,34.974195,E
2016-04-12,15:55:28,10.0,32.093379,N,34.974156,E
2016-04-12,15:55:29,11.0,32.093365,N,34.974106,E
2016-04-12,15:55:30,12.0,32.093341,N,34.974075,E
2016-04-12,15:55:31,12.0,32.093326,N,34.974041,E
2016-04-12,15:55:32,12.0,32.093303,N,34.973999,E
2016-04-12,15:55:33,9.0,32.093287,N,34.973983,E
2016-04-12,15:55:34,9.0,32.093274,N,34.973955,E
2016-04-12,15:55:35,10.0,32.093268,N,34.973927,E
2016-04-12,15:55:36,11.0,32.093255,N,34.973892,E
2016-04-12,15:55:37,8.0,32.09325,N,34.973863,E
2016-04-12,15:55:38,8.0,32.093232,N,34.973846,E
2016-04-12,15:55:39,6.0,32.093221,N,34.973832,E
2016-04-12,15:55:40,7.0,32.093193,N,34.97382,E
2016-04-12,15:55:41,10.0,32.093158,N,34.973795,E
2016-04-12,15:55:42,9.0,32.093147,N,34.973768,E
2016-04-12,15:55:43,9.0,32.093118,N,34.973759,E
2016-04-12,15:55:44,9.0,32.093115,N,34.97373,E
2016-04-12,15:55:45,7.0,32.093097,N,34.973725,E
2016-04-12,15:55:46,8.0,32.093071,N,34.973688,E
2016-04-12,15:55:47,10.0,32.093055,N,34.973665,E
2016-04-12,15:55:48,9.0,32.093026,N,34.97365,E
2016-04-12,15:55:49,12.0,32.093,N,34.973621,E
2016-04-12,15:55:50,12.0,32.092983,N,34.973585,E
2016-04-12,15:55:51,12.0,32.092962,N,34.97355,E
2016-04-12,15:55:52,14.0,32.092933,N,34.973513,E
2016-04-12,15:55:53,9.0,32.092915,N,34.973531,E
2016-04-12,15:55:54,9.0,32.092899,N,34.973517,E
2016-04-12,15:55:55,10.0,32.092873,N,34.973485,E
2016-04-12,15:55:56,8.0,32.092862,N,34.973477,E
2016-04-12,15:55:57,9.0,32.092837,N,34.973453,E
2016-04-12,15:55:58,9.0,32.092806,N,34.973442,E
2016-04-12,15:55:59,12.0,32.092771,N,34.973408,E
2016-04-12,15:56:00,11.0,32.092739,N,34.973396,E
2016-04-12,15:56:01,12.0,32.092701,N,34.973369,E
2016-04-12,15:56:02,13.0,32.092667,N,34.97334,E
2016-04-12,15:56:03,11.0,32.092652,N,34.973317,E
2016-04-12,15:56:04,10.0,32.092634,N,34.973297,E
2016-04-12,15:56:05,7.0,32.092639,N,34.973312,E
2016-04-12,15:56:06,7.0,32.092614,N,34.973285,E
2016-04-12,15:56:07,7.0,32.092604,N,34.973267,E
2016-04-12,15:56:08,8.0,32.092582,N,34.973252,E
2016-04-12,15:56:09,6.0,32.09257,N,34.973268,E
2016-04-12,15:56:10,6.0,32.092564,N,34.973273,E
2016-04-12,15:56:11,7.0,32.092541,N,34.973286,E
2016-04-12,15:56:12,11.0,32.092506,N,34.973307,E
2016-04-12,15:56:13,11.0,32.092476,N,34.97333,E
2016-04-12,15:56:14,9.0,32.092461,N,34.973338,E
2016-04-12,15:56:15,9.0,32.092432,N,34.973357,E
2016-04-12,15:56:16,10.0,32.092396,N,34.97339,E
2016-04-12,15:56:17,11.0,32.092376,N,34.973425,E
2016-04-12,15:56:18,9.0,32.092353,N,34.97345,E
2016-04-12,15:56:19,9.0,32.09234,N,34.973466,E
2016-04-12,15:56:20,9.0,32.092326,N,34.973489,E
2016-04-12,15:56:21,11.0,32.092288,N,34.97353,E
2016-04-12,15:56:22,10.0,32.092262,N,34.973559,E
2016-04-12,15:56:23,10.0,32.092242,N,34.973601,E
2016-04-12,15:56:24,7.0,32.092226,N,34.973606,E
2016-04-12,15:56:25,7.0,32.09222,N,34.973614,E
2016-04-12,15:56:26,6.0,32.092204,N,34.97363,E
2016-04-12,15:56:27,7.0,32.092192,N,34.973659,E
2016-04-12,15:56:28,7.0,32.092179,N,34.973662,E
2016-04-12,15:56:29,9.0,32.092163,N,34.973691,E
2016-04-12,15:56:30,10.0,32.092141,N,34.973723,E
2016-04-12,15:56:31,10.0,32.092114,N,34.973748,E
2016-04-12,15:56:32,10.0,32.092086,N,34.973771,E
2016-04-12,15:56:33,10.0,32.092062,N,34.973789,E
2016-04-12,15:56:34,9.0,32.092045,N,34.973808,E
2016-04-12,15:56:35,9.0,32.092029,N,34.973833,E
2016-04-12,15:56:36,10.0,32.091998,N,34.973856,E
2016-04-12,15:56:37,8.0,32.091987,N,34.973867,E
2016-04-12,15:56:38,8.0,32.091963,N,34.973883,E
2016-04-12,15:56:39,8.0,32.091931,N,34.973902,E
2016-04-12,15:56:40,5.0,32.091912,N,34.973916,E
2016-04-12,15:56:41,7.0,32.091905,N,34.973935,E
2016-04-12,15:56:42,6.0,32.091902,N,34.973983,E
2016-04-12,15:56:43,6.0,32.091889,N,34.974007,E
2016-04-12,15:56:44,8.0,32.091865,N,34.974023,E
2016-04-12,15:56:45,9.0,32.091856,N,34.974044,E
2016-04-12,15:56:46,5.0,32.091856,N,34.974066,E
2016-04-12,15:56:47,8.0,32.091847,N,34.974088,E
2016-04-12,15:56:48,10.0,32.091836,N,34.974142,E
2016-04-12,15:56:49,7.0,32.091823,N,34.974155,E
2016-04-12,15:56:50,8.0,32.091799,N,34.974178,E
2016-04-12,15:56:51,8.0,32.091781,N,34.97421,E
2016-04-12,15:56:52,9.0,32.091751,N,34.974246,E
2016-04-12,15:56:53,10.0,32.091712,N,34.974274,E
2016-04-12,15:56:54,10.0,32.091697,N,34.974315,E
2016-04-12,15:56:55,11.0,32.091685,N,34.974349,E
2016-04-12,15:56:56,12.0,32.091668,N,34.974402,E
2016-04-12,15:56:57,6.0,32.09168,N,34.974379,E
2016-04-12,15:56:58,7.0,32.091683,N,34.974433,E
2016-04-12,15:56:59,8.0,32.091652,N,34.974437,E
2016-04-12,15:57:00,11.0,32.091639,N,34.974494,E
2016-04-12,15:57:01,11.0,32.091625,N,34.974528,E
2016-04-12,15:57:02,13.0,32.091584,N,34.97458,E
2016-04-12,15:57:03,10.0,32.091589,N,34.974607,E
2016-04-12,15:57:04,8.0,32.091573,N,34.974616,E
2016-04-12,15:57:05,7.0,32.091577,N,34.974645,E
2016-04-12,15:57:06,6.0,32.091567,N,34.974679,E
2016-04-12,15:57:07,7.0,32.09154,N,34.974709,E
2016-04-12,15:57:08,7.0,32.091517,N,34.974734,E
2016-04-12,15:57:09,9.0,32.091512,N,34.974779,E
2016-04-12,15:57:10,9.0,32.091505,N,34.974839,E
2016-04-12,15:57:11,10.0,32.091494,N,34.974897,E
2016-04-12,15:57:12,11.0,32.091483,N,34.974925,E
2016-04-12,15:57:13,7.0,32.091484,N,34.974948,E
2016-04-12,15:57:14,4.0,32.091504,N,34.974964,E
2016-04-12,15:57:15,4.0,32.091501,N,34.974975,E
2016-04-12,15:57:16,5.0,32.091505,N,34.975001,E
2016-04-12,15:57:17,8.0,32.091484,N,34.975049,E
2016-04-12,15:57:18,8.0,32.091481,N,34.97507,E
2016-04-12,15:57:19,12.0,32.091472,N,34.97513,E
2016-04-12,15:57:20,9.0,32.091472,N,34.975151,E
2016-04-12,15:57:21,10.0,32.091465,N,34.975197,E
2016-04-12,15:57:22,8.0,32.09147,N,34.975241,E
2016-04-12,15:57:23,8.0,32.091474,N,34.975272,E
2016-04-12,15:57:24,10.0,32.091493,N,34.975311,E
2016-04-12,15:57:25,10.0,32.091489,N,34.975339,E
2016-04-12,15:57:26,11.0,32.091465,N,34.97539,E
2016-04-12,15:57:27,12.0,32.091488,N,34.97544,E
2016-04-12,15:57:28,15.0,32.091508,N,34.975507,E
2016-04-12,15:57:29,14.0,32.091512,N,34.975541,E
2016-04-12,15:57:30,15.0,32.091547,N,34.975621,E
2016-04-12,15:57:31,11.0,32.091531,N,34.975635,E
2016-04-12,15:57:32,12.0,32.091543,N,34.975687,E
2016-04-12,15:57:33,10.0,32.091557,N,34.975728,E
2016-04-12,15:57:34,11.0,32.091578,N,34.975776,E
2016-04-12,15:57:35,11.0,32.091571,N,34.975819,E
2016-04-12,15:57:36,11.0,32.091574,N,34.97584,E
2016-04-12,15:57:37,11.0,32.091578,N,34.975883,E
2016-04-12,15:57:38,12.0,32.091593,N,34.975911,E
2016-04-12,15:57:39,12.0,32.091601,N,34.975961,E
2016-04-12,15:57:40,12.0,32.091629,N,34.975979,E
2016-04-12,15:57:41,13.0,32.09165,N,34.976032,E
2016-04-12,15:57:42,12.0,32.091643,N,34.976051,E
2016-04-12,15:57:43,13.0,32.091663,N,34.976091,E
2016-04-12,15:57:44,11.0,32.091675,N,34.976119,E
2016-04-12,15:57:45,10.0,32.091687,N,34.976163,E
2016-04-12,15:57:46,10.0,32.091685,N,34.9762,E
2016-04-12,15:57:47,10.0,32.091707,N,34.976235,E
2016-04-12,15:57:48,9.0,32.09173,N,34.97626,E
2016-04-12,15:57:49,12.0,32.091747,N,34.976306,E
2016-04-12,15:57:50,10.0,32.091756,N,34.976329,E
2016-04-12,15:57:51,10.0,32.091756,N,34.976361,E
2016-04-12,15:57:52,10.0,32.091772,N,34.97639,E
2016-04-12,15:57:53,10.0,32.091769,N,34.976433,E
2016-04-12,15:57:54,10.0,32.091763,N,34.976457,E
2016-04-12,15:57:55,12.0,32.091765,N,34.976499,E
2016-04-12,15:57:56,10.0,32.091791,N,34.976529,E
2016-04-12,15:57:57,10.0,32.091807,N,34.976558,E
2016-04-12,15:57:58,9.0,32.091807,N,34.976565,E
2016-04-12,15:57:59,11.0,32.091836,N,34.976623,E
2016-04-12,15:58:00,11.0,32.091851,N,34.976639,E
2016-04-12,15:58:01,11.0,32.091855,N,34.976713,E
2016-04-12,15:58:02,10.0,32.091884,N,34.976743,E
2016-04-12,15:58:03,11.0,32.0919,N,34.976776,E
2016-04-12,15:58:04,10.0,32.091908,N,34.976802,E
2016-04-12,15:58:05,11.0,32.091912,N,34.976841,E
2016-04-12,15:58:06,11.0,32.091909,N,34.976862,E
2016-04-12,15:58:07,11.0,32.091921,N,34.976899,E
2016-04-12,15:58:08,11.0,32.09193,N,34.976922,E
2016-04-12,15:58:09,11.0,32.09195,N,34.976964,E
2016-04-12,15:58:10,11.0,32.091931,N,34.977007,E
2016-04-12,15:58:11,11.0,32.091933,N,34.977035,E
2016-04-12,15:58:12,11.0,32.091969,N,34.977046,E
2016-04-12,15:58:13,11.0,32.091972,N,34.977065,E
2016-04-12,15:58:14,10.0,32.09197,N,34.977084,E
2016-04-12,15:58:15,9.0,32.091969,N,34.977116,E
2016-04-12,15:58:16,12.0,32.091978,N,34.977158,E
2016-04-12,15:58:17,11.0,32.092015,N,34.977195,E
2016-04-12,15:58:18,11.0,32.09203,N,34.977223,E
2016-04-12,15:58:19,11.0,32.092053,N,34.977253,E
2016-04-12,15:58:20,10.0,32.092052,N,34.977281,E
2016-04-12,15:58:21,10.0,32.09208,N,34.977306,E
2016-04-12,15:58:22,11.0,32.092114,N,34.977342,E
2016-04-12,15:58:23,11.0,32.092129,N,34.977378,E
2016-04-12,15:58:24,12.0,32.092141,N,34.977415,E
2016-04-12,15:58:25,11.0,32.09216,N,34.977446,E
2016-04-12,15:58:26,13.0,32.092191,N,34.977478,E
2016-04-12,15:58:27,12.0,32.092204,N,34.977503,E
2016-04-12,15:58:28,13.0,32.092234,N,34.977532,E
2016-04-12,15:58:29,12.0,32.092245,N,34.977572,E
2016-04-12,15:58:30,12.0,32.09226,N,34.977603,E
2016-04-12,15:58:31,11.0,32.0923,N,34.977637,E
2016-04-12,15:58:32,10.0,32.092293,N,34.97766,E
2016-04-12,15:58:33,12.0,32.092293,N,34.977708,E
2016-04-12,15:58:34,12.0,32.092277,N,34.97774,E
2016-04-12,15:58:35,12.0,32.092315,N,34.977785,E
2016-04-12,15:58:36,10.0,32.09235,N,34.977806,E
2016-04-12,15:58:37,10.0,32.092333,N,34.97784,E
2016-04-12,15:58:38,13.0,32.092342,N,34.977887,E
2016-04-12,15:58:39,12.0,32.092364,N,34.977926,E
2016-04-12,15:58:40,11.0,32.092368,N,34.977946,E
2016-04-12,15:58:41,9.0,32.092355,N,34.977977,E
2016-04-12,15:58:42,8.0,32.092362,N,34.97801,E
2016-04-12,15:58:43,9.0,32.092359,N,34.978041,E
2016-04-12,15:58:44,11.0,32.092389,N,34.978078,E
2016-04-12,15:58:45,12.0,32.09242,N,34.978115,E
2016-04-12,15:58:46,12.0,32.092427,N,34.97815,E
2016-04-12,15:58:47,12.0,32.09244,N,34.978189,E
2016-04-12,15:58:48,14.0,32.092476,N,34.978233,E
2016-04-12,15:58:49,14.0,32.092516,N,34.978252,E
2016-04-12,15:58:50,14.0,32.092545,N,34.978287,E
2016-04-12,15:58:51,13.0,32.092586,N,34.978313,E
2016-04-12,15:58:52,12.0,32.092571,N,34.978348,E
2016-04-12,15:58:53,9.0,32.092562,N,34.978374,E
2016-04-12,15:58:54,9.0,32.092556,N,34.978412,E
2016-04-12,15:58:55,11.0,32.092561,N,34.978444,E
2016-04-12,15:58:56,11.0,32.092573,N,34.978477,E
2016-04-12,15:58:57,12.0,32.092595,N,34.978518,E
2016-04-12,15:58:58,12.0,32.092591,N,34.978558,E
2016-04-12,15:58:59,12.0,32.092625,N,34.978592,E
2016-04-12,15:59:00,12.0,32.092662,N,34.978625,E
2016-04-12,15:59:01,12.0,32.092684,N,34.978652,E
2016-04-12,15:59:02,12.0,32.092681,N,34.978698,E
2016-04-12,15:59:03,11.0,32.092684,N,34.97873,E
2016-04-12,15:59:04,12.0,32.092714,N,34.978772,E
2016-04-12,15:59:05,11.0,32.092724,N,34.978788,E
2016-04-12,15:59:06,11.0,32.09273,N,34.978814,E
2016-04-12,15:59:07,11.0,32.092756,N,34.978825,E
2016-04-12,15:59:08,10.0,32.092774,N,34.978838,E
2016-04-12,15:59:09,11.0,32.092807,N,34.97884,E
2016-04-12,15:59:10,12.0,32.092856,N,34.978881,E
2016-04-12,15:59:11,12.0,32.092884,N,34.978914,E
2016-04-12,15:59:12,13.0,32.092931,N,34.978957,E
2016-04-12,15:59:13,12.0,32.092947,N,34.978993,E
2016-04-12,15:59:14,12.0,32.092978,N,34.979028,E
2016-04-12,15:59:15,12.0,32.093007,N,34.979046,E
2016-04-12,15:59:16,12.0,32.093025,N,34.979066,E
2016-04-12,15:59:17,12.0,32.093048,N,34.979086,E
2016-04-12,15:59:18,12.0,32.09307,N,34.979099,E
2016-04-12,15:59:19,14.0,32.093111,N,34.979108,E
2016-04-12,15:59:20,12.0,32.093146,N,34.979113,E
2016-04-12,15:59:21,13.0,32.093178,N,34.979129,E
2016-04-12,15:59:22,13.0,32.093199,N,34.979126,E
2016-04-12,15:59:23,11.0,32.093218,N,34.979152,E
2016-04-12,15:59:24,11.0,32.093237,N,34.97917,E
2016-04-12,15:59:25,12.0,32.093273,N,34.979194,E
2016-04-12,15:59:26,12.0,32.093271,N,34.979256,E
2016-04-12,15:59:27,11.0,32.093296,N,34.979281,E
2016-04-12,15:59:28,9.0,32.093316,N,34.9793,E
2016-04-12,15:59:29,9.0,32.093337,N,34.979318,E
2016-04-12,15:59:30,10.0,32.093347,N,34.979353,E
2016-04-12,15:59:31,12.0,32.093389,N,34.979384,E
2016-04-12,15:59:32,12.0,32.093401,N,34.979406,E
2016-04-12,15:59:33,13.0,32.093455,N,34.979423,E
2016-04-12,15:59:34,13.0,32.093481,N,34.979445,E
2016-04-12,15:59:35,13.0,32.093493,N,34.97947,E
2016-04-12,15:59:36,11.0,32.093501,N,34.979493,E
2016-04-12,15:59:37,11.0,32.093517,N,34.979519,E
2016-04-12,15:59:38,9.0,32.093511,N,34.979534,E
2016-04-12,15:59:39,8.0,32.093532,N,34.979548,E
2016-04-12,15:59:40,9.0,32.093557,N,34.979575,E
2016-04-12,15:59:41,9.0,32.09359,N,34.979595,E
2016-04-12,15:59:42,7.0,32.093613,N,34.979605,E
2016-04-12,15:59:43,7.0,32.093649,N,34.979608,E
2016-04-12,15:59:44,7.0,32.093669,N,34.979607,E
2016-04-12,15:59:45,11.0,32.093709,N,34.979582,E
2016-04-12,15:59:46,11.0,32.093739,N,34.979567,E
2016-04-12,15:59:47,9.0,32.093766,N,34.979572,E
2016-04-12,15:59:48,9.0,32.093787,N,34.979567,E
2016-04-12,15:59:49,9.0,32.093817,N,34.979562,E
2016-04-12,15:59:50,10.0,32.093849,N,34.979528,E
2016-04-12,15:59:51,12.0,32.093894,N,34.979513,E
2016-04-12,15:59:52,11.0,32.093929,N,34.979497,E
2016-04-12,15:59:53,11.0,32.093965,N,34.979492,E
2016-04-12,15:59:54,9.0,32.093985,N,34.979482,E
2016-04-12,15:59:55,10.0,32.094018,N,34.979459,E
2016-04-12,15:59:56,10.0,32.094047,N,34.979462,E
2016-04-12,15:59:57,11.0,32.094084,N,34.979441,E
2016-04-12,15:59:58,11.0,32.094119,N,34.979414,E
2016-04-12,15:59:59,11.0,32.094135,N,34.979406,E
2016-04-12,16:00:00,10.0,32.094159,N,34.979402,E
2016-04-12,16:00:01,10.0,32.094185,N,34.979396,E
2016-04-12,16:00:02,10.0,32.094215,N,34.979371,E
2016-04-12,16:00:03,12.0,32.094256,N,34.979345,E
2016-04-12,16:00:04,9.0,32.094277,N,34.979349,E
2016-04-12,16:00:05,9.0,32.094303,N,34.979336,E
2016-04-12,16:00:06,10.0,32.094341,N,34.979311,E
2016-04-12,16:00:07,11.0,32.094379,N,34.979293,E
2016-04-12,16:00:08,12.0,32.094417,N,34.979263,E
2016-04-12,16:00:09,11.0,32.094448,N,34.979239,E
2016-04-12,16:00:10,9.0,32.094482,N,34.979218,E
2016-04-12,16:00:11,12.0,32.094526,N,34.979186,E
2016-04-12,16:00:12,12.0,32.094548,N,34.97916,E
2016-04-12,16:00:13,11.0,32.094565,N,34.979139,E
2016-04-12,16:00:14,14.0,32.094603,N,34.979109,E
2016-04-12,16:00:15,14.0,32.094627,N,34.979081,E
2016-04-12,16:00:16,11.0,32.094646,N,34.979054,E
2016-04-12,16:00:17,10.0,32.09466,N,34.979024,E
2016-04-12,16:00:18,10.0,32.094668,N,34.979,E
2016-04-12,16:00:19,11.0,32.094684,N,34.978965,E
2016-04-12,16:00:20,11.0,32.094713,N,34.978938,E
2016-04-12,16:00:21,12.0,32.094716,N,34.978899,E
2016-04-12,16:00:22,12.0,32.094734,N,34.978862,E
2016-04-12,16:00:23,11.0,32.094749,N,34.978831,E
2016-04-12,16:00:24,11.0,32.09476,N,34.978787,E
2016-04-12,16:00:25,10.0,32.094786,N,34.978764,E
2016-04-12,16:00:26,11.0,32.094805,N,34.978739,E
2016-04-12,16:00:27,10.0,32.094809,N,34.978701,E
2016-04-12,16:00:28,10.0,32.09482,N,34.978675,E
2016-04-12,16:00:29,9.0,32.09483,N,34.978643,E
2016-04-12,16:00:30,10.0,32.09484,N,34.978608,E
2016-04-12,16:00:31,12.0,32.094855,N,34.978561,E
2016-04-12,16:00:32,12.0,32.094858,N,34.978523,E
2016-04-12,16:00:33,10.0,32.094866,N,34.978498,E
2016-04-12,16:00:34,10.0,32.094876,N,34.978462,E
2016-04-12,16:00:35,12.0,32.094897,N,34.97843,E
2016-04-12,16:00:36,11.0,32.094905,N,34.978403,E
2016-04-12,16:00:37,7.0,32.094909,N,34.978391,E
2016-04-12,16:00:38,6.0,32.094912,N,34.978361,E
2016-04-12,16:00:39,10.0,32.094915,N,34.978329,E
2016-04-12,16:00:40,10.0,32.094917,N,34.978297,E
2016-04-12,16:00:41,11.0,32.094909,N,34.978256,E
2016-04-12,16:00:42,12.0,32.094922,N,34.978209,E
2016-04-12,16:00:43,9.0,32.094918,N,34.978181,E
2016-04-12,16:00:44,10.0,32.094911,N,34.978138,E
2016-04-12,16:00:45,9.0,32.094907,N,34.978106,E
2016-04-12,16:00:46,8.0,32.094901,N,34.978074,E
2016-04-12,16:00:47,11.0,32.0949,N,34.978035,E
2016-04-12,16:00:48,10.0,32.094901,N,34.977995,E
2016-04-12,16:00:49,9.0,32.094895,N,34.977952,E
2016-04-12,16:00:50,10.0,32.094895,N,34.977915,E
2016-04-12,16:00:51,10.0,32.094887,N,34.977878,E
2016-04-12,16:00:52,11.0,32.094879,N,34.977842,E
2016-04-12,16:00:53,10.0,32.094871,N,34.977799,E
2016-04-12,16:00:54,10.0,32.094854,N,34.977766,E
2016-04-12,16:00:55,13.0,32.094853,N,34.977719,E
2016-04-12,16:00:56,9.0,32.094844,N,34.977693,E
2016-04-12,16:00:57,10.0,32.094831,N,34.977655,E
2016-04-12,16:00:58,11.0,32.094816,N,34.977609,E
2016-04-12,16:00:59,12.0,32.094808,N,34.977576,E
2016-04-12,16:01:00,12.0,32.094784,N,34.977544,E
2016-04-12,16:01:01,11.0,32.094762,N,34.977512,E
2016-04-12,16:01:02,13.0,32.094732,N,34.977458,E
2016-04-12,16:01:03,13.0,32.094721,N,34.977428,E
2016-04-12,16:01:04,10.0,32.094718,N,34.977416,E
2016-04-12,16:01:05,10.0,32.094707,N,34.977373,E
2016-04-12,16:01:06,9.0,32.094687,N,34.977326,E
2016-04-12,16:01:07,8.0,32.094665,N,34.977297,E
2016-04-12,16:01:08,9.0,32.09466,N,34.977264,E
2016-04-12,16:01:09,10.0,32.094654,N,34.977241,E
2016-04-12,16:01:10,10.0,32.094642,N,34.977205,E
2016-04-12,16:01:11,9.0,32.094623,N,34.977163,E
2016-04-12,16:01:12,10.0,32.094603,N,34.977133,E
2016-04-12,16:01:13,11.0,32.094602,N,34.977092,E
2016-04-12,16:01:14,10.0,32.094582,N,34.977068,E
2016-04-12,16:01:15,11.0,32.094565,N,34.977036,E
2016-04-12,16:01:16,11.0,32.094547,N,34.976997,E
2016-04-12,16:01:17,11.0,32.094535,N,34.97697,E
2016-04-12,16:01:18,12.0,32.094517,N,34.976934,E
2016-04-12,16:01:19,14.0,32.094486,N,34.976889,E
2016-04-12,16:01:20,14.0,32.094474,N,34.976828,E
2016-04-12,16:01:21,16.0,32.094456,N,34.976755,E
2016-04-12,16:01:22,17.0,32.094418,N,34.976713,E
2016-04-12,16:01:23,16.0,32.094397,N,34.976671,E
2016-04-12,16:01:24,14.0,32.094378,N,34.976634,E
2016-04-12,16:01:25,11.0,32.094377,N,34.976614,E
2016-04-12,16:01:26,13.0,32.094353,N,34.976562,E
2016-04-12,16:01:27,12.0,32.094351,N,34.976538,E
2016-04-12,16:01:28,11.0,32.094358,N,34.976519,E
2016-04-12,16:01:29,7.0,32.094353,N,34.976509,E
2016-04-12,16:01:30,7.0,32.094345,N,34.976483,E
2016-04-12,16:01:31,8.0,32.094339,N,34.976445,E
2016-04-12,16:01:32,10.0,32.09433,N,34.976405,E
2016-04-12,16:01:33,10.0,32.094315,N,34.976365,E
2016-04-12,16:01:34,14.0,32.094295,N,34.976296,E
2016-04-12,16:01:35,15.0,32.094276,N,34.976238,E
2016-04-12,16:01:36,11.0,32.094269,N,34.976202,E
2016-04-12,16:01:37,11.0,32.094247,N,34.976176,E
2016-04-12,16:01:38,10.0,32.094239,N,34.97615,E
2016-04-12,16:01:39,10.0,32.094234,N,34.976113,E
2016-04-12,16:01:40,8.0,32.094226,N,34.976096,E
2016-04-12,16:01:41,8.0,32.094197,N,34.976083,E
2016-04-12,16:01:42,11.0,32.094174,N,34.976033,E
2016-04-12,16:01:43,11.0,32.09415,N,34.976003,E
2016-04-12,16:01:44,9.0,32.094137,N,34.975975,E
2016-04-12,16:01:45,10.0,32.094122,N,34.975938,E
2016-04-12,16:01:46,10.0,32.09412,N,34.975908,E
2016-04-12,16:01:47,10.0,32.094104,N,34.975876,E
2016-04-12,16:01:48,13.0,32.09407,N,34.975833,E
2016-04-12,16:01:49,15.0,32.094015,N,34.975805,E
2016-04-12,16:01:50,13.0,32.094028,N,34.975774,E
2016-04-12,16:01:51,10.0,32.094043,N,34.975733,E
2016-04-12,16:01:52,11.0,32.094045,N,34.975701,E
2016-04-12,16:01:53,8.0,32.094046,N,34.975664,E
2016-04-12,16:01:54,9.0,32.094038,N,34.975641,E
2016-04-12,16:01:55,9.0,32.094039,N,34.975602,E
2016-04-12,16:01:56,10.0,32.094015,N,34.975563,E
2016-04-12,16:01:57,11.0,32.093997,N,34.975529,E
2016-04-12,16:01:58,11.0,32.093979,N,34.975492,E
2016-04-12,16:01:59,13.0,32.09397,N,34.975434,E
2016-04-12,16:02:00,12.0,32.093974,N,34.975414,E
2016-04-12,16:02:01,11.0,32.093958,N,34.97538,E
2016-04-12,16:02:02,12.0,32.093937,N,34.97533,E
2016-04-12,16:02:03,13.0,32.093912,N,34.975285,E
2016-04-12,16:02:04,16.0,32.093873,N,34.97521,E
2016-04-12,16:02:05,13.0,32.093852,N,34.975177,E
2016-04-12,16:02:06,12.0,32.093864,N,34.975152,E
2016-04-12,16:02:07,12.0,32.093876,N,34.97512,E
2016-04-12,16:02:08,12.0,32.09387,N,34.975067,E
2016-04-12,16:02:09,9.0,32.093843,N,34.975057,E
2016-04-12,16:02:10,11.0,32.093803,N,34.975009,E
2016-04-12,16:02:11,13.0,32.093787,N,34.974963,E
2016-04-12,16:02:12,15.0,32.093748,N,34.974908,E
2016-04-12,16:02:13,13.0,32.093735,N,34.974881,E
2016-04-12,16:02:14,15.0,32.093701,N,34.974819,E
2016-04-12,16:02:15,11.0,32.093699,N,34.974799,E
2016-04-12,16:02:16,10.0,32.093671,N,34.974752,E
2016-04-12,16:02:17,9.0,32.09368,N,34.974755,E
2016-04-12,16:02:18,9.0,32.093667,N,34.974716,E
2016-04-12,16:02:19,9.0,32.093656,N,34.974701,E
2016-04-12,16:02:20,8.0,32.09366,N,34.974681,E
2016-04-12,16:02:21,10.0,32.093635,N,34.974644,E
2016-04-12,16:02:22,11.0,32.093614,N,34.974615,E
2016-04-12,16:02:23,11.0,32.093602,N,34.974583,E
2016-04-12,16:02:24,14.0,32.093583,N,34.974533,E
2016-04-12,16:02:25,13.0,32.093559,N,34.974489,E
2016-04-12,16:02:26,12.0,32.093541,N,34.974452,E
2016-04-12,16:02:27,13.0,32.093529,N,34.974404,E
2016-04-12,16:02:28,14.0,32.093514,N,34.974354,E
2016-04-12,16:02:29,8.0,32.093501,N,34.974349,E
2016-04-12,16:02:30,9.0,32.093482,N,34.974316,E
2016-04-12,16:02:31,10.0,32.093459,N,34.974269,E
2016-04-12,16:02:32,11.0,32.093444,N,34.97423,E
2016-04-12,16:02:33,11.0,32.093419,N,34.974199,E
2016-04-12,16:02:34,13.0,32.093395,N,34.974153,E
2016-04-12,16:02:35,14.0,32.093363,N,34.974116,E
2016-04-12,16:02:36,10.0,32.093359,N,34.9741,E
2016-04-12,16:02:37,9.0,32.093342,N,34.97407,E
2016-04-12,16:02:38,8.0,32.093341,N,34.974057,E
2016-04-12,16:02:39,12.0,32.093312,N,34.974007,E
2016-04-12,16:02:40,12.0,32.093293,N,34.973973,E
2016-04-12,16:02:41,14.0,32.093262,N,34.97394,E
2016-04-12,16:02:42,14.0,32.093245,N,34.9739,E
2016-04-12,16:02:43,14.0,32.093228,N,34.973858,E
2016-04-12,16:02:44,13.0,32.093212,N,34.973824,E
2016-04-12,16:02:45,11.0,32.093176,N,34.973816,E
2016-04-12,16:02:48,12.0,32.093142,N,34.973716,E
2016-04-12,16:02:49,12.0,32.093112,N,34.973703,E
2016-04-12,16:02:50,12.0,32.093079,N,34.973684,E
2016-04-12,16:02:51,12.0,32.093075,N,34.973638,E
2016-04-12,16:02:52,11.0,32.093069,N,34.973591,E
2016-04-12,16:02:53,12.0,32.09303,N,34.973562,E
2016-04-12,16:02:54,13.0,32.093,N,34.973519,E
2016-04-12,16:02:55,14.0,32.092969,N,34.973493,E
2016-04-12,16:02:56,13.0,32.092936,N,34.973476,E
2016-04-12,16:02:57,13.0,32.092913,N,34.973469,E
2016-04-12,16:02:58,13.0,32.092884,N,34.973435,E
2016-04-12,16:02:59,13.0,32.092854,N,34.973408,E
2016-04-12,16:03:00,12.0,32.092832,N,34.973378,E
2016-04-12,16:03:01,12.0,32.09281,N,34.973344,E
2016-04-12,16:03:02,10.0,32.092795,N,34.973347,E
2016-04-12,16:03:03,11.0,32.09277,N,34.973321,E
2016-04-12,16:03:04,11.0,32.092752,N,34.973304,E
2016-04-12,16:03:05,12.0,32.092706,N,34.973289,E
2016-04-12,16:03:06,12.0,32.092685,N,34.973249,E
2016-04-12,16:03:07,13.0,32.092649,N,34.973213,E
2016-04-12,16:03:08,16.0,32.092577,N,34.973169,E
2016-04-12,16:03:09,14.0,32.09255,N,34.973156,E
2016-04-12,16:03:10,14.0,32.0925,N,34.973159,E
2016-04-12,16:03:11,10.0,32.092474,N,34.973192,E
2016-04-12,16:03:12,11.0,32.092464,N,34.973246,E
2016-04-12,16:03:13,10.0,32.092462,N,34.973268,E
2016-04-12,16:03:14,12.0,32.092432,N,34.973312,E
2016-04-12,16:03:15,12.0,32.092417,N,34.973337,E
2016-04-12,16:03:16,5.0,32.092413,N,34.973344,E
2016-04-12,16:03:17,5.0,32.092411,N,34.973359,E
2016-04-12,16:03:18,9.0,32.092385,N,34.973403,E
2016-04-12,16:03:19,10.0,32.092362,N,34.973439,E
2016-04-12,16:03:20,12.0,32.092341,N,34.973461,E
2016-04-12,16:03:21,12.0,32.09232,N,34.973484,E
2016-04-12,16:03:22,12.0,32.092296,N,34.973517,E
2016-04-12,16:03:23,13.0,32.092251,N,34.973542,E
2016-04-12,16:03:24,12.0,32.092233,N,34.973566,E
2016-04-12,16:03:25,8.0,32.092215,N,34.973563,E
2016-04-12,16:03:26,10.0,32.092186,N,34.973588,E
2016-04-12,16:03:27,10.0,32.092158,N,34.973621,E
2016-04-12,16:03:28,12.0,32.092142,N,34.973664,E
2016-04-12,16:03:29,9.0,32.092131,N,34.973677,E
2016-04-12,16:03:30,11.0,32.092095,N,34.973707,E
2016-04-12,16:03:31,12.0,32.092062,N,34.973736,E
2016-04-12,16:03:32,11.0,32.092036,N,34.973762,E
2016-04-12,16:03:33,11.0,32.092023,N,34.97381,E
2016-04-12,16:03:34,12.0,32.092002,N,34.973848,E
2016-04-12,16:03:35,12.0,32.091982,N,34.973878,E
2016-04-12,16:03:36,13.0,32.091957,N,34.973911,E
2016-04-12,16:03:37,9.0,32.091945,N,34.973927,E
2016-04-12,16:03:38,9.0,32.091927,N,34.973947,E
2016-04-12,16:03:39,10.0,32.091894,N,34.973978,E
2016-04-12,16:03:40,12.0,32.091863,N,34.974013,E
2016-04-12,16:03:41,12.0,32.091831,N,34.974028,E
2016-04-12,16:03:42,12.0,32.091813,N,34.974069,E
2016-04-12,16:03:43,11.0,32.091804,N,34.974075,E
2016-04-12,16:03:44,12.0,32.09179,N,34.974122,E
2016-04-12,16:03:45,14.0,32.091736,N,34.974158,E
2016-04-12,16:03:46,12.0,32.091706,N,34.974179,E
2016-04-12,16:03:47,12.0,32.091682,N,34.974221,E
2016-04-12,16:03:48,10.0,32.09167,N,34.974229,E
2016-04-12,16:03:49,10.0,32.09164,N,34.974239,E
2016-04-12,16:03:50,12.0,32.091612,N,34.974273,E
2016-04-12,16:03:51,12.0,32.091607,N,34.974323,E
2016-04-12,16:03:52,10.0,32.091578,N,34.974345,E
2016-04-12,16:03:53,12.0,32.09156,N,34.974393,E
2016-04-12,16:03:54,13.0,32.09155,N,34.974434,E
2016-04-12,16:03:55,12.0,32.091551,N,34.974489,E
2016-04-12,16:03:56,13.0,32.091544,N,34.974535,E
2016-04-12,16:03:57,13.0,32.09153,N,34.974572,E
2016-04-12,16:03:58,11.0,32.091517,N,34.974601,E
2016-04-12,16:03:59,11.0,32.091517,N,34.974638,E
2016-04-12,16:04:00,11.0,32.091509,N,34.974685,E
2016-04-12,16:04:01,12.0,32.091501,N,34.974736,E
2016-04-12,16:04:02,13.0,32.091496,N,34.974786,E
2016-04-12,16:04:03,14.0,32.091503,N,34.974821,E
2016-04-12,16:04:04,12.0,32.091501,N,34.974865,E
2016-04-12,16:04:05,10.0,32.091489,N,34.974897,E
2016-04-12,16:04:06,10.0,32.091471,N,34.974929,E
2016-04-12,16:04:07,10.0,32.091462,N,34.974964,E
2016-04-12,16:04:08,7.0,32.091468,N,34.974986,E
2016-04-12,16:04:09,8.0,32.091451,N,34.975018,E
2016-04-12,16:04:10,9.0,32.091444,N,34.975048,E
2016-04-12,16:04:11,9.0,32.091448,N,34.975081,E
2016-04-12,16:04:12,12.0,32.091437,N,34.975141,E
2016-04-12,16:04:13,15.0,32.091436,N,34.975212,E
2016-04-12,16:04:14,13.0,32.091426,N,34.975247,E
2016-04-12,16:04:15,12.0,32.091424,N,34.975286,E
2016-04-12,16:04:16,11.0,32.091433,N,34.975342,E
2016-04-12,16:04:17,10.0,32.091452,N,34.975384,E
2016-04-12,16:04:18,10.0,32.091458,N,34.975409,E
2016-04-12,16:04:19,6.0,32.091479,N,34.975418,E
2016-04-12,16:04:20,6.0,32.091495,N,34.975446,E
2016-04-12,16:04:21,5.0,32.091483,N,34.975458,E
2016-04-12,16:04:22,6.0,32.0915,N,34.975479,E
2016-04-12,16:04:23,4.0,32.091474,N,34.97548,E
2016-04-12,16:04:24,3.0,32.091479,N,34.975492,E
2016-04-12,16:04:25,3.0,32.091471,N,34.975504,E
2016-04-12,16:04:26,3.0,32.091462,N,34.975507,E
2016-04-12,16:04:27,2.0,32.091449,N,34.975516,E
2016-04-12,16:04:28,0.0,32.091448,N,34.975518,E
2016-04-12,16:04:29,0.0,32.091459,N,34.975515,E
2016-04-12,16:04:30,0.0,32.091464,N,34.975505,E
